"","iid","spend_online0","spend_retail0","age","white","college","male","hh_inc","segment"
"1",14,14.975,118,29,0.3241053,0.2868369,0,40.322,4
"2",19,171.975,0,55,0.8723629,0.517023,0,72.5,2
"3",20,0,92,47,0.9808348,0.5246835,0,90.582,1
"4",27,49.95,0,40,0.4638865,0.1825573,0,52.621,2
"5",58,293.95,74,49,0.76072,0.5241683,0,32.278,4
"6",77,0,85.975,38,0.8887451,0.9465517,0,110,1
"7",82,0,617.975,40,0.9015385,0.7931035,0,112.556,1
"8",99,34,0,24,0.9152348,0.0578125,0,42.745,2
"9",143,603,0,53,0.9380531,0.3482587,0,82.917,2
"10",148,4.975,84.925,31,0.957914,0.1487985,0,34.559,4
"11",155,455,44,41,0.8142753,0.7763578,0,39.225,4
"12",159,65,0,21,1,0.1774193,0,32.438,2
"13",166,24.95,0,41,0.3051225,0.7797357,0,104.286,2
"14",173,222.775,34.915,42,0.9571865,0.3553191,0,36.494,4
"15",180,34.975,360.925,70,0.7708049,0.9392523,0,94.737,4
"16",197,57,0,34,0.3511831,0.5755627,0,43.451,2
"17",199,34.975,0,41,0.6403464,0.7028232,0,148.603,2
"18",200,0,34,51,0.913936,0.5323097,0,124.25,1
"19",206,88,0,23,0.4465959,0,0,27.475,2
"20",219,138.975,0,55,0.9408867,0.3237339,0,74.196,2
"21",227,141,18,37,0.8699473,0.6421875,0,69.469,4
"22",229,607.665,204.925,46,0.9533437,0.4542334,0,39.688,4
"23",244,24.975,208.8,40,0.8022599,0.866485,0,93.516,4
"24",250,120.925,0,20,0.9367232,0.5462478,0,140.625,2
"25",275,135.96,135.375,21,0.9311023,0.5401869,0,111.25,4
"26",276,167.05,88.95,42,0.8854912,0.6130804,0,124.479,4
"27",279,0,64,24,0.9468439,0.2523316,0,83.372,1
"28",300,353.925,164,34,0.8560381,0.5647059,0,25.234,4
"29",303,588.975,455.9,39,0.6922652,0.5997035,0,39.124,4
"30",341,204.825,0,26,0.6313869,0.2479523,0,39.542,2
"31",342,0,107,28,0.9161291,0.7458194,0,76.493,1
"32",387,479,377,34,0.9427374,0.5036101,0,125.875,4
"33",396,549.25,118.95,43,0.7690217,0.3753623,0,106.797,4
"34",403,69.85,84.84999,51,0.7989691,0.6963056,0,115.982,4
"35",404,0,44.975,59,0.9529541,0.8392857,0,194,1
"36",406,83.95,58.975,56,0.9622111,0.4154867,0,121.071,4
"37",421,411.175,0,42,0.8664938,0.3793103,0,59.655,2
"38",436,0,178.95,38,0.7280084,0.4116685,0,101.797,1
"39",443,29.95,24.975,29,0.7950071,0.6655454,0,72.604,4
"40",452,307,0,34,0.9464735,0.3421728,0,37.798,2
"41",461,240.35,59,37,0.9106042,0.257099,0,36.542,4
"42",475,153.9,0,42,0.90935,0.5578656,0,74.891,2
"43",478,29.9,44.95,22,0.3068089,0.2982216,0,55.743,4
"44",490,173.95,117,47,0.9598506,0.4358354,0,83.75,4
"45",501,0,93,56,0.9465829,0.7351351,0,174.013,1
"46",521,421,1473.98,58,0.9700487,0.3109162,0,64.762,4
"47",531,78,0,19,0.7730239,0.549121,0,73.068,2
"48",556,95.37,0,25,0.9663191,0.4200398,0,94.286,2
"49",577,0,19,57,0.9593853,0.3020833,0,54.773,1
"50",583,0,73,44,0.6706383,0.3411765,0,57.955,1
"51",596,0,78,34,0.9613075,0.790469,0,117.396,1
"52",603,0,382,40,0.34375,0.2738007,0,53.396,1
"53",610,84,0,47,0.9754369,0.0722812,0,38.51,2
"54",619,0,44,27,0.8256049,0.4994246,0,39.444,1
"55",647,0,49,54,0.9655814,0.8645161,0,65.99,1
"56",663,39,0,58,0.600907,0.233631,0,31.579,2
"57",678,24.975,0,50,0.9495114,0.2494481,0,57.222,2
"58",700,87.9,170.9,21,0.7572488,0.6248085,0,50.313,4
"59",716,142,92,43,0.9324074,0.9226667,0,248.359,4
"60",725,49,0,32,0.965888,0.245471,0,53.866,2
"61",735,83.975,202.975,40,0.7550052,0.6917293,0,71.25,4
"62",760,0,37.975,22,0.7738826,0.7322835,1,152.115,3
"63",777,99.95,0,36,0.8838863,0.2426667,0,42.244,2
"64",798,82.95,0,22,0.9295523,0.6496815,0,107.379,2
"65",804,174.585,310.745,23,0.940501,0.3068592,0,78.901,4
"66",807,0,78,31,0.9782197,0.7206704,0,159.402,1
"67",814,182.8,0,52,0.9636363,0.629682,0,151.875,2
"68",828,77.95,0,25,0.4204793,0.5013227,0,53.836,2
"69",840,24,0,38,0.6381617,0.8813559,0,86.01,2
"70",843,18,0,48,0.7232947,0.4365782,0,93.25,2
"71",851,1985.75,135.15,25,0.9285714,0.4512906,0,80.5,4
"72",855,0,14.975,25,0.7260921,0.2621849,0,61.377,1
"73",876,0,131.975,21,0.9152907,0.7475833,0,215.417,1
"74",881,0,19.975,26,0.7863706,0.9003021,0,101.25,1
"75",887,794,441.975,51,0.7877759,0.7773913,0,53.078,4
"76",913,0,64,54,0.9745455,0.7997076,0,133.438,1
"77",930,0,137.36,29,0.448592,0.6492395,0,57.58,1
"78",931,0,39,22,0.8880847,0.452381,0,7.83,1
"79",941,12,0,40,0.8008497,0.3639871,0,60.703,2
"80",949,44,0,31,0.8463476,0.4288135,0,65.096,2
"81",961,412.44,0,39,0.297619,0.2976744,0,47.143,2
"82",968,29.95,0,27,0.9114315,0.4564315,0,98.672,2
"83",980,0,64,59,0.9941263,0.8208641,0,250.001,1
"84",984,0,49.95,53,0.9865073,0.6587983,0,100.733,1
"85",988,0,24,32,0.8900408,0.4825618,0,83.684,1
"86",997,0,14.975,52,1,0.7832168,0,155,1
"87",1010,24.975,0,30,0.8379141,0.4136516,0,96.194,2
"88",1029,84,0,39,0.7159443,0.2829006,0,35.885,2
"89",1030,19.95,0,40,0.7532214,0.5238795,0,96.125,2
"90",1031,182.1,0,40,0.4503956,0.212491,0,23.409,2
"91",1045,24.975,34.925,36,0.7847222,0.0678354,0,16.22,4
"92",1049,0,39,46,0.815052,0.759384,0,100.671,1
"93",1055,0,94,52,0.9821306,0.4966635,0,108.594,1
"94",1068,64,0,40,0.4885375,0.491954,0,42.469,2
"95",1077,144,0,38,0.7554479,0.574,0,67.367,2
"96",1084,0,34,54,0.6270039,0.2716556,0,60.132,1
"97",1097,34.95,577.975,68,0.8502045,0.4814815,1,88.952,3
"98",1099,315.925,0,49,0.9953488,0.4726952,0,93.333,2
"99",1120,19.975,19.975,48,0.7872948,0.4984924,1,57.264,3
"100",1140,0,9.975,36,0.4651666,0.1561238,0,8.096,1
"101",1141,209.2,2421.905,42,0.8497984,0.1350078,0,67.5,4
"102",1162,106.975,49,42,0.452034,0.1615584,0,73.958,4
"103",1163,50.4,0,32,0.9256757,0.6632826,0,132.813,2
"104",1165,34.975,0,25,0.0472837,0.159948,0,41,2
"105",1173,50.23,0,42,0.8308401,0.6082949,0,126.477,2
"106",1187,220,0,52,0.9663988,0.866417,0,207.841,2
"107",1189,0,87.975,24,0.8273885,0.1807229,0,40.494,1
"108",1212,49,0,48,0.9840657,0.2532691,0,56.576,2
"109",1213,0,34,51,0.9294653,0.6324868,0,63.309,1
"110",1214,0,69.845,36,0.9005939,0.5004638,0,85.862,1
"111",1218,14.975,0,36,0.2532943,0.2546584,0,64.375,2
"112",1242,34,0,37,0.9273638,0.3223881,0,66.125,2
"113",1248,227.95,239,52,0.8358039,0.7171717,0,129.545,4
"114",1254,14.975,0,25,0.7491915,0.2305555,0,56.361,2
"115",1280,59.925,24.95,40,0.688196,0.4937695,0,88.828,4
"116",1327,84,24.95,55,0.8446772,0.7951807,0,116.333,4
"117",1329,59.9,0,47,0.8780761,0.7239513,0,162.795,2
"118",1360,0,319.975,53,0.8685848,0.5877598,0,133.571,1
"119",1372,0,29,49,0.8729107,0.5450098,0,143.362,1
"120",1382,0,62.975,46,0.8031991,0.7002012,0,169.531,1
"121",1385,107,0,41,0.9350427,0.7272727,0,91.071,2
"122",1386,102.95,1367.825,40,0.4844961,0.1444867,0,38.534,4
"123",1393,9,0,21,0.954717,0.6785714,0,66.726,2
"124",1401,29.925,0,22,0.8642567,0.7582798,1,107.308,3
"125",1412,9.975,0,34,0.6189873,0.534279,0,65.321,2
"126",1420,0,79.95,28,0.1988889,0.2279412,0,56.378,1
"127",1443,0,9.975,25,0.9383634,0.6550152,0,144.712,1
"128",1452,147.9,175.35,29,0.8668374,0.8193833,0,150.357,4
"129",1481,180,0,54,0.8418323,0.7318501,0,94.375,2
"130",1527,221.65,0,51,0.961211,0.4206349,0,79.087,2
"131",1558,44.9,0,41,0.870751,0.0799207,0,47.44,2
"132",1569,49,317.95,60,1,0.5377095,0,93.807,4
"133",1592,65.4,34,23,0.9404216,0.5044872,0,139.274,4
"134",1608,0,48,23,0.7303754,0.946502,0,248.75,1
"135",1619,29,0,65,0.9925559,0.210893,0,60.769,2
"136",1624,45.9,0,42,0.970313,0.5330718,0,108.833,2
"137",1631,0,155.475,25,0.9676637,0.4802372,0,38.836,1
"138",1632,14,0,40,0.5709729,0.3039867,0,18.537,2
"139",1648,34.925,0,44,0.921791,0.1353033,0,48.908,2
"140",1659,522,0,51,0.4511093,0.4978903,0,59.848,2
"141",1660,113,0,28,0.9667864,0.1886792,0,76.607,2
"142",1682,489.925,39,28,0.9946128,0.5233236,0,82.788,4
"143",1692,16.96,0,69,0.9799483,0.142189,0,59.25,2
"144",1695,212.95,0,55,0.8244597,0.5505976,0,175.313,2
"145",1701,14.975,0,21,0.8874917,0.492823,0,74.688,2
"146",1707,212,166,52,0.9899875,0.0861759,0,43.088,4
"147",1719,0,14,44,0.9587209,0.2983129,0,86.917,1
"148",1734,74.925,195.95,54,0.9775466,0.6508689,0,129.35,4
"149",1744,937.725,0,40,0.6761134,0.168533,0,65.043,2
"150",1758,0,44,24,0.9222222,0.6534335,1,176.25,3
"151",1778,132.975,72.975,22,0.8985708,0.7747684,0,198.715,4
"152",1779,0,398,31,0.877652,0.7557522,0,143.375,1
"153",1792,0,34,29,0.5780246,0.5803303,0,52.083,1
"154",1802,49,28.9,27,0.8183962,0.4813187,0,60.713,4
"155",1812,78.45,74,40,0.95094,0.8393881,0,154.078,4
"156",1829,0,338,53,0.8407558,0.7172285,0,177.083,1
"157",1834,24.975,18,27,0.80563,0.6527331,0,43.75,4
"158",1836,34,39,49,0.620985,0.6492891,0,102.734,4
"159",1842,46.9,0,25,0.4557522,0.4896313,1,94.893,3
"160",1847,0,14,42,0.7460503,0.6229339,0,135.526,1
"161",1862,503.975,754.885,47,0.8256097,0.317637,0,142.804,4
"162",1869,241,0,42,0.9986755,0.3210291,0,105.703,2
"163",1874,0,34,61,0.6152056,0.6600832,0,176.136,1
"164",1895,0,69,30,0.6636086,0.083976,0,27.165,1
"165",1900,406.425,145.975,24,0.9199009,0.4136069,0,64.118,4
"166",1936,0,43.975,42,0.8380102,0.167057,0,40.577,1
"167",1946,28.9,0,34,0.7894302,0.4809783,0,22.045,2
"168",1960,0,28,26,0.4136009,0.4729187,0,57.717,1
"169",1966,59.975,78.975,36,0.6473765,0.8660812,0,102.5,4
"170",1969,0,64,52,0.9251208,0.6793349,0,167.167,1
"171",1971,39.95,169,29,0.3345428,0.513402,0,70.625,4
"172",1993,0,345.975,24,0.9164286,0.848034,0,248.203,1
"173",2033,95,0,46,0.9603174,0.8823529,0,209.75,2
"174",2047,121,0,34,0.7743902,0.7075812,0,219.297,2
"175",2049,0,109.9,41,0.9957851,0.4223512,0,70.972,1
"176",2089,0,9.975,40,0.7428256,0.54844,0,129.034,1
"177",2097,0,24,41,0.8395061,0.7130919,0,49.944,1
"178",2105,89,0,64,0.8320363,0.2101242,1,41.875,3
"179",2126,1101.625,0,47,0.9311646,0.4132762,0,65.848,2
"180",2132,111.875,28.975,24,0.9638298,0.5454546,0,75.625,4
"181",2135,172.85,224,48,0.8638656,0.6320988,0,216.607,4
"182",2138,35.93,146.9,43,0.6093969,0.5964912,0,91.875,4
"183",2140,49,0,57,0.9473684,0.604811,0,52.125,2
"184",2141,158.95,34,51,0.9283784,0.6768489,0,94.531,4
"185",2163,24.975,0,39,0.8681055,0.5516667,0,105.833,2
"186",2168,49,0,40,0.6416084,0.4987212,0,56.42,2
"187",2170,0,36.405,39,0.8583062,0.9151786,0,108.75,1
"188",2174,1211,0,65,0.9709962,0.7853107,0,154.219,2
"189",2177,0,9.975,22,0.9487423,0.4938111,1,83.472,3
"190",2183,36.93,27.43,54,0.8732622,0.4380208,0,69.665,4
"191",2190,0,61.75,27,0.3756076,0.4497937,1,107.34,3
"192",2191,187,78,56,0.710162,0.6989967,0,143.393,4
"193",2192,899,49,41,0.8873745,0.879638,0,93.672,4
"194",2228,0,14.975,40,0.8230495,0.5671741,0,47.25,1
"195",2241,0,23,42,0.8974692,0.7911715,0,69,1
"196",2264,38.975,58,41,0.7961039,0.2198221,0,55,4
"197",2283,84.925,172.925,27,0.7814485,0.3444445,1,98.75,3
"198",2284,39,0,40,0.6393211,0.8366446,0,211.731,2
"199",2286,19,0,26,0.5163065,0.7897633,0,136.5,2
"200",2298,220.135,0,41,0.2723192,0.2530814,0,25.469,2
"201",2302,0,44,40,0.810616,0.7692308,0,69.583,1
"202",2303,88,0,69,0.7147651,0.3381593,1,69.5,3
"203",2324,0,34,29,0.9316888,0.8480769,0,111.635,1
"204",2328,68.95,0,41,0.8725975,0.334845,0,29.375,2
"205",2333,34,0,25,0.8188406,0.5111111,0,59.773,2
"206",2336,0,217,44,0.9009009,0.7582205,0,203.523,1
"207",2356,0,45.6,29,0.6556495,0.2294758,0,37.222,1
"208",2379,22.45,0,19,0.7608015,0.5851795,0,85.278,2
"209",2393,175.95,0,50,1,0.5993946,0,89.074,2
"210",2396,0,44,23,0.9609302,0.6262976,0,235.761,1
"211",2397,83.975,298.975,43,0.970421,0.1321429,0,50.568,4
"212",2405,489.95,819.15,41,0.8100821,0.6607963,0,132.188,4
"213",2419,0,29.95,42,0.9464286,0.6701137,0,142.697,1
"214",2442,44,0,46,0.8573898,0.2687898,0,85.903,2
"215",2450,0,19.975,26,0.036246,0.1196809,0,44.853,3
"216",2454,24.975,0,43,0.7664399,0.6479751,1,93,3
"217",2467,849.4,64.95,27,0.9602386,0.6271722,0,52.375,4
"218",2472,0,69,61,0.812749,0.6405485,0,80.147,1
"219",2484,14.975,0,32,0.7954123,0.1633045,0,36.886,2
"220",2499,0,237,40,0.7790799,0.8338369,0,155.027,1
"221",2500,0,49.95,56,0.7555399,0.3923241,0,109.076,1
"222",2527,415.6,433.925,51,0.8938861,0.7704082,0,196.071,4
"223",2531,323.96,85.73,27,0.8555176,0.8577127,0,115.357,4
"224",2537,0,172.975,21,1,0.4361905,0,52.639,1
"225",2539,0,53,40,0.2970297,0.3360434,0,31.891,1
"226",2577,0,53.975,41,0.9718992,0.2886335,0,45.75,1
"227",2578,69.925,0,43,0.9417745,0.8517241,0,166.406,2
"228",2589,0,193,49,1,0.6855072,0,96.354,1
"229",2612,17.955,0,21,0.8655044,0.5991735,0,118.036,2
"230",2659,0,68,52,0.7437309,0.8368984,1,120.375,3
"231",2681,0,34.975,54,1,0.4095477,0,71.776,1
"232",2688,302.95,29,52,0.9508671,0.6016949,0,68.75,4
"233",2693,69.875,14.975,27,0.6524902,0.6754075,1,145.865,3
"234",2733,59.95,0,37,0.7513812,0.8567932,0,102.411,2
"235",2735,0,38,29,0.852618,0.6531339,0,72.031,1
"236",2755,62,99.98,51,0.7916847,0.7417312,0,133.095,4
"237",2757,0,28.975,23,0.9050819,0.4328767,0,83.764,1
"238",2767,0,204.975,44,1,0.484472,0,73.616,1
"239",2774,0,44.975,55,0.7725964,0.726971,0,173.487,1
"240",2786,34.975,0,43,0.9414664,0.6805421,0,104.485,2
"241",2799,0,92,40,0.7692308,0.4374482,0,48.939,1
"242",2813,0,14,41,0.9000908,0.0932091,0,60.625,1
"243",2835,128,309,52,0.7553979,0.8292465,0,211.875,4
"244",2846,49.95,65.98,47,0.7992424,0.7315574,0,176.563,4
"245",2859,0,24.95,24,0.8516926,0.5576606,0,109.435,1
"246",2866,0,49.925,38,0.6078317,0.7562446,0,73.75,1
"247",2877,0,38.975,42,0.9656404,0.2631261,0,80.802,1
"248",2883,24,0,43,0.8070922,0.7134503,0,45.278,2
"249",2916,427.75,0,49,0.9669893,0.5714916,0,161.944,2
"250",2924,0,14.975,21,0.9460581,0.7549669,0,117.375,1
"251",2954,72.975,0,23,0.6384693,0.2774086,0,59.185,2
"252",3019,337,117.95,45,0.944645,0.6956522,0,155.197,4
"253",3038,34,0,58,0.9923345,0.7046263,0,87.188,2
"254",3039,268,171.95,47,1,0.5849057,0,64.286,4
"255",3043,29,277.9,20,0.9104326,0.516129,0,104.324,4
"256",3059,0,38.975,40,0.7894737,0.7459677,0,45.306,1
"257",3061,0,34,41,0.440501,0.4025045,0,98.009,1
"258",3077,0,34,42,0.9047955,0.3938272,0,103.839,1
"259",3086,0,34.975,35,0.9350269,0.2206221,0,52.207,1
"260",3090,78,82.975,44,0.8339332,0.9622642,0,54.922,4
"261",3101,0,34,53,0.8485106,0.5378486,0,81.406,1
"262",3105,0,154,44,0.6025733,0.5250836,0,77.308,1
"263",3117,0,116,39,0.9373561,0.7433501,0,135,1
"264",3121,49.95,0,29,0.6051873,0.3444816,0,11.429,2
"265",3123,1063.825,0,21,0.9225569,0.8669623,0,250.001,3
"266",3128,0,64,49,1,0.8224299,0,105.625,1
"267",3135,14.975,0,52,1,0.6260404,0,70.722,2
"268",3144,0,34,40,0.9647946,0.6494747,0,61.773,1
"269",3147,0,44.95,42,0.5145849,0.2518646,0,71.375,1
"270",3168,152,29,40,0.8064126,0.65588,0,60.526,4
"271",3179,0,102.975,21,0.879661,0.9009547,0,129.461,1
"272",3183,49,223.175,46,0.8292843,0.9238921,0,125.071,4
"273",3185,156,0,22,0.7582356,0.4921292,0,93.828,2
"274",3196,183.95,0,56,0.7836412,0.2506143,0,70.375,2
"275",3197,0,2.475,25,0.7174254,0.6225597,0,25.033,1
"276",3199,44.925,24.975,36,0.9740608,0.6295181,0,88.125,4
"277",3202,0,9.975,49,0.9325,0.4846885,0,39.871,1
"278",3231,0,916.95,52,0.7369534,0.6168623,0,100.417,1
"279",3233,0,43.975,43,0.883841,0.8856549,0,95.25,1
"280",3252,16.98,0,51,0.905223,0.6761535,0,146.862,2
"281",3254,0,67.95,53,0.9047884,0.427835,0,85.455,1
"282",3268,1821.95,1313.975,49,0.8955404,0.6053143,0,250.001,3
"283",3281,0,195.85,21,0.8920765,0.762208,0,157.188,1
"284",3283,59,0,55,0.8988451,0.4600366,0,57.614,2
"285",3304,188,0,21,0.7868654,0.2889211,0,61.192,2
"286",3306,0,39.95,43,0.7742947,0.5811808,0,30.208,1
"287",3314,124.5,0,38,0.9191489,0.43361,0,81.103,2
"288",3319,142.925,229.925,40,1,0.7967914,0,87.563,4
"289",3338,0,18,20,0.7254546,0.7894356,0,128.75,1
"290",3345,397.75,93,24,0.3368771,0.3909665,0,76.415,4
"291",3379,14.975,0,40,0.9018753,0.6360225,0,108.269,2
"292",3381,14.975,700.515,26,0.8270572,0.7533333,1,138.304,3
"293",3385,0,97,52,0.8283244,0.4268218,0,52.482,1
"294",3402,54,520.95,47,0.8502907,0.7457887,0,89.804,4
"295",3411,0,123,25,0.882,0.6269284,0,130.417,1
"296",3437,0,351,50,0.7770346,0.8520755,0,87.121,1
"297",3457,148,0,64,0.8259773,0.2534202,0,68.375,2
"298",3479,512.95,0,31,0.9279279,0.4487285,0,56.548,2
"299",3484,36.975,0,58,0.9593853,0.3020833,0,54.773,2
"300",3494,74.9,0,43,0.5067385,0.250996,0,67.535,2
"301",3498,200.975,0,50,0.6801872,0.1615769,0,37.281,2
"302",3499,0,14,32,0.7427502,0.4521127,1,60.417,3
"303",3500,49,0,34,0.9636752,0.1481827,0,32.734,2
"304",3526,964,464.95,59,0.8865799,0.5936155,0,153.194,4
"305",3542,0,9,43,0.5218467,0.6104147,0,66.771,1
"306",3543,702,457.45,40,0.8845071,0.7734457,0,71.618,4
"307",3546,0,48,51,0.9593301,0.8697987,0,193.75,1
"308",3552,58.975,0,46,0.7243308,0.1648746,0,35.625,2
"309",3591,0,14.975,41,0.7510675,0.8013158,0,237.75,1
"310",3625,99,0,48,0.7897787,0.876334,0,107.188,2
"311",3632,9,0,58,0.0005061,0.0474934,0,31.742,3
"312",3637,73,0,36,0.6834303,0.9197531,0,2.499,2
"313",3643,0,128,41,0.6895413,0.1958698,1,58.991,3
"314",3650,0,44,29,0.8086775,0.647613,0,126.25,1
"315",3652,0,28,35,0.4313726,0.6802721,0,53.068,1
"316",3661,0,127,40,0.8690996,0.6103093,0,53.75,1
"317",3663,88,0,28,0.5938628,0.3981117,0,59.301,2
"318",3669,0,48,29,0.9842795,0.1914388,0,55.909,1
"319",3673,0,23,36,0.6636114,0.5387489,1,156.698,3
"320",3675,249.5,61.45,32,0.9780424,0.5575834,0,133.958,4
"321",3677,102,0,32,0.8538252,0.3371336,0,77.404,2
"322",3678,30,0,58,0.9819587,0.2927757,0,64.196,2
"323",3727,0,28.9,36,0.8807947,0.8453608,0,110.284,1
"324",3738,0,14,40,0.5625188,0.3622595,0,68.75,1
"325",3740,0,14,51,0.7042599,0.7521879,0,153.043,1
"326",3743,0,54,23,0.5705357,0.1628743,0,52.742,1
"327",3745,0,159,42,0.9253112,0.6483333,0,159.936,1
"328",3751,0,181,47,0.7937971,0.8562005,0,154.63,1
"329",3763,0,7.98,73,0.4667488,0.3456592,0,37.279,1
"330",3771,29.95,0,18,0.7068138,0.682479,0,78.51,2
"331",3786,74.925,0,44,0.9684685,0.7210788,0,118.75,2
"332",3787,49,0,52,0.9671214,0.1641574,0,51.218,2
"333",3789,0,34.975,38,0.8745353,0.4485294,0,76.797,1
"334",3790,0,64,51,0.9573293,0.7070563,0,186.544,1
"335",3803,0,64.975,22,0.9219745,0.7814815,0,168.355,1
"336",3817,728,753,48,1,0.6260404,0,70.722,4
"337",3818,0,19,29,0.7085054,0.4921803,1,91.429,3
"338",3822,0,52.975,39,0.9179811,0.8843663,0,120.45,1
"339",3823,0,64.85,29,0.8027638,0.5541667,0,44.744,1
"340",3839,84.875,0,22,0.8216318,0.6792189,0,146.375,2
"341",3853,79.875,0,27,0.0714697,0.2143579,0,30.179,2
"342",3855,88.975,239,41,0.7333333,0.2878625,1,51.75,3
"343",3875,0,1249.63,22,0.8938861,0.7704082,0,196.071,1
"344",3933,49,0,47,0.714934,0.6465116,0,162.652,2
"345",3942,0,145,41,0.8182107,0.3471164,0,83.75,1
"346",3949,48.975,0,43,0.8259336,0.4627848,0,129.491,2
"347",3950,9.975,39,59,0.9093718,0.8631329,0,179.063,4
"348",3952,102,19.975,24,0.9485103,0.5432166,0,123.182,4
"349",3973,0,24,48,0.9177456,0.6265923,0,148.75,1
"350",3978,60,265,48,0.9529412,0.8588235,0,250.001,4
"351",3979,0,14,44,0.957958,0.6547085,0,107.206,1
"352",3996,0,34,42,0.9572864,0.3984849,0,45.192,1
"353",4019,39.95,0,32,0.929646,0.8107383,0,169.196,2
"354",4034,875.95,37,25,1,0.8201893,0,222.222,4
"355",4051,38.97,55.74,25,0.9868228,0.8716475,0,180.583,4
"356",4072,0,34,29,0.9450801,0.1574179,0,58.047,1
"357",4077,192.9,67.975,37,0.4156928,0.7230769,0,22.222,4
"358",4082,0,14.975,46,0.7208738,0.8263473,0,250.001,1
"359",4092,0,82,37,0.5033784,0.6480836,0,115.24,1
"360",4113,0,121.975,44,1,0.509434,0,86.477,1
"361",4129,286,0,25,0.4179372,0.1653924,0,61.409,2
"362",4137,84,0,62,0.9822767,0.5479617,0,154.643,2
"363",4139,284,0,35,0.8508831,0.7130045,0,98.214,2
"364",4156,84,0,47,0.9464945,0.8214665,0,106.667,2
"365",4179,0,14.975,43,0.8387516,0.4360656,0,67.903,1
"366",4185,0,14.975,59,0.9355532,0.8419244,0,119.743,1
"367",4188,0,9.95,40,0.7475247,0.5258799,0,87.969,1
"368",4189,38,0,40,0.8025248,0.5547129,1,82.917,3
"369",4207,0,14.975,24,0.7800297,0.5665991,0,128.75,1
"370",4216,77.975,0,49,0.9503937,0.119469,0,36.836,2
"371",4239,44,223.95,37,0.8882033,0.4834437,0,165.096,4
"372",4249,88.975,117.975,44,0.7523148,0.8116761,0,177.045,4
"373",4289,277.875,0,23,0.9577465,0.492437,0,123.75,2
"374",4290,164.925,0,42,0.8172653,0.5513768,0,65.952,2
"375",4293,573.975,0,57,0.8741906,0.345986,0,71.121,2
"376",4303,151.475,0,41,0.8783217,0.5921325,0,100.125,2
"377",4305,0,48.95,47,0.8496888,0.7694588,0,167.216,1
"378",4307,48.975,53.975,21,0.9487419,0.8278805,0,160.556,4
"379",4325,73,0,50,0.9497537,0.3919708,0,63.409,2
"380",4333,0,44,39,0.8419811,0.6796116,0,68.782,1
"381",4335,41,0,40,0.5038846,0.6319876,0,68.125,2
"382",4341,0,136,34,0.9886364,0.1918367,0,56.711,1
"383",4396,0,14.975,55,0.890164,0.6079404,0,111.818,1
"384",4411,29,185,48,0.8029231,0.7304878,0,112.955,4
"385",4414,74,852.975,31,0.9661181,0.6626937,0,109.948,4
"386",4421,0,28.975,23,0.8105113,0.3026172,0,101.862,1
"387",4435,39,0,47,0.8342118,0.3406594,0,51.509,2
"388",4451,0,83.95,40,0.9513513,0.5954301,0,102.042,1
"389",4459,88,0,40,0.4990566,0.3172348,0,16.25,2
"390",4462,0,245,41,0.8289676,0.4820847,0,35.688,1
"391",4463,140.95,0,50,0.9965824,0.7671674,0,247.5,2
"392",4471,24.975,0,53,0.5599276,0.4351536,0,34.898,2
"393",4480,133.9,401,54,0.8800304,0.4905498,0,78.963,4
"394",4485,546.275,0,56,0.3822598,0.1759259,0,24.663,2
"395",4490,34,0,53,0.9877836,0.4249292,0,88.065,2
"396",4504,59,261.975,52,0.9784715,0.6646091,0,100.771,4
"397",4508,312.68,0,46,0.8899494,0.6189069,0,70.295,2
"398",4510,63,0,44,0.9885008,0.2112234,0,74.764,2
"399",4514,21,0,45,1,0.5104167,0,50.081,2
"400",4529,0,19,55,0.72,0.8514151,0,131.875,1
"401",4531,28.975,0,46,0.8453159,0.608828,0,131.413,2
"402",4535,0,10.375,40,0.9186483,0.352657,0,66.042,1
"403",4536,0,413.975,48,0.8577215,0.5283658,0,50.833,1
"404",4539,44,1241.975,53,0.8274478,0.5200932,0,113.625,4
"405",4541,38.975,0,49,0.9139004,0.3795713,0,53.11,2
"406",4545,0,44.925,49,0.9449627,0.9605055,0,250.001,1
"407",4554,0,88,40,0.3937737,0.2520843,0,16.552,1
"408",4561,108,0,34,0.5076401,0.517037,0,56.413,2
"409",4563,136,0,48,1,0.8293515,0,161.071,2
"410",4568,0,85.95,52,0.8858859,0.5849057,0,73.795,1
"411",4571,167,0,40,0.8010789,0.746315,0,61.184,2
"412",4594,0,4.975,33,1,0.5095286,0,74.417,1
"413",4599,0,19,24,0.9703833,0.8174603,0,102.188,1
"414",4616,0,78.95,45,0.9150831,0.2362592,0,64.375,1
"415",4634,0,73,34,0.7143917,0.6996403,0,71.944,1
"416",4637,0,14.975,36,0.9507603,0.6916335,0,57.737,1
"417",4641,9,0,42,0.7785376,0.5718109,0,158.074,2
"418",4645,49.95,0,25,0.5156951,0.120462,0,39.503,2
"419",4656,0,14,27,0.8687431,0.7703583,0,202.5,1
"420",4688,1114.625,0,51,0.733175,0.4931507,1,125.521,3
"421",4693,108.95,0,42,0.6871997,0.2084942,0,79.583,2
"422",4694,19.975,0,37,0.5419948,0.4562706,0,30.978,2
"423",4700,0,69,34,0.7531896,0.6162866,0,110.625,1
"424",4702,0,43.975,50,0.7679892,0.8035714,0,143.75,1
"425",4707,0,4.975,44,0.7299509,0.5039164,0,115.804,1
"426",4734,39,112.95,34,0.8213257,0.8230501,0,95.987,4
"427",4735,0,101.975,30,0.8428233,0.4441624,0,112.273,1
"428",4743,84,0,24,0.9547908,0.7504817,0,112.115,2
"429",4783,0,19.975,40,0.6270053,0.6962025,0,130.156,1
"430",4789,73.975,59,20,0.2892403,0.2414757,1,94.369,3
"431",4794,0,34,40,0.685665,0.283237,0,82.292,1
"432",4805,24.875,14.975,31,0.6454892,0.5948553,0,40.485,4
"433",4806,19,0,39,0.9361234,0.6704918,0,58.142,2
"434",4808,0,131,41,0.6759026,0.7335563,0,91.696,1
"435",4813,34,19,41,0.9220779,0.7014135,0,56.087,4
"436",4816,0,19,20,0.7482269,0.7701613,0,182.059,1
"437",4856,156,0,22,0.996732,0.1467953,0,49.01,2
"438",4863,0,19,40,0.9263158,0.7183499,0,119.183,1
"439",4865,0,44,39,0.8613963,0.662963,0,136.463,1
"440",4867,0,160,57,0.988006,0.5560254,0,146.429,1
"441",4878,0,358.8,47,0.8371589,0.6823464,0,49.316,1
"442",4879,116,73,40,0.9779249,0.5172194,0,125.833,4
"443",4887,0,4.975,43,0.9912827,0.4709677,0,84.663,1
"444",4888,48,19.975,40,0.6078317,0.7562446,0,73.75,4
"445",4895,0,64,36,0.8302215,0.342729,0,74.898,1
"446",4903,0,47.975,48,0.4868421,0.8617615,0,102.396,1
"447",4911,0,24,65,0.8422371,0.7250483,0,166.979,1
"448",4915,29,0,35,0.070561,0.2480916,1,51.825,3
"449",4926,68,0,40,0.9741067,0.7562446,0,188.304,2
"450",4934,39,0,34,0.5118483,0.5821229,1,101.364,3
"451",4940,0,681,54,0.9218031,0.8216292,0,250.001,1
"452",4968,0,14.975,53,0.9856209,0.7621832,0,143.365,1
"453",4977,0,180,40,0.5831325,0.6493506,0,78.227,1
"454",4997,0,92,46,0.987569,0.7553517,0,150.568,1
"455",5002,1127.525,82,40,0.8064126,0.65588,0,60.526,4
"456",5007,14.95,76.705,20,0.9763258,0.2534819,0,70.952,4
"457",5015,0,49,31,0.7393075,0.5514019,0,65.625,1
"458",5031,0,200,33,0.7964353,0.6638176,0,123.5,1
"459",5043,83,0,43,0.9872915,0.5635776,0,79.572,2
"460",5055,0,9.975,51,0.9221491,0.6986302,0,105.313,1
"461",5059,14,0,44,0.9155135,0.727162,0,147.841,2
"462",5063,0,9.975,23,0.4378947,0.3869969,0,60.699,1
"463",5084,54.03,0,50,0.72,0.8514151,0,131.875,2
"464",5102,34,0,33,0.5390655,0.6367536,0,119.839,2
"465",5105,54,0,52,0.9010764,0.5153788,0,86.25,2
"466",5140,0,23.95,51,0.9180464,0.8290598,0,105.284,1
"467",5150,0,57.975,28,0.562427,0.5083261,0,102.739,1
"468",5151,11.985,0,24,0.4804319,0.5731056,0,101.389,2
"469",5160,178.925,0,35,0.7373053,0.2283105,0,40.893,2
"470",5165,0,166.925,39,0.964991,0.8769716,1,199.375,3
"471",5175,166,0,44,0.9380863,0.7642487,0,149.286,2
"472",5180,107.975,0,36,0.8890877,0.4491682,0,26.477,2
"473",5185,99.45,59,46,0.8831823,0.7106599,0,147.813,4
"474",5222,192,87,40,0.7689992,0.7339228,0,75.032,4
"475",5227,0,64,42,0.8648374,0.4607961,0,54.914,1
"476",5242,0,123,39,0.7665176,0.5807478,0,95.638,1
"477",5243,415.15,35.95,41,0.6300941,0.2693157,0,51.976,4
"478",5251,44.975,9.975,25,0.2732013,0.4560703,0,63.25,2
"479",5253,0,18,27,0.8613581,0.6827794,0,120.25,1
"480",5259,109.85,0,33,0.8075362,0.5201817,0,79.226,2
"481",5270,14,62.975,24,0.3053047,0.4599686,0,146.109,4
"482",5278,0,496,39,0.8793394,0.4004525,0,154.077,1
"483",5298,24.95,0,43,0.9303483,0.5091892,0,72.841,2
"484",5310,39.925,0,19,0.9788779,0.4471058,0,105.441,2
"485",5320,0,78,50,1,0.5285996,0,74.917,1
"486",5331,0,34,42,0.8543184,0.8868458,0,151.65,1
"487",5333,0,19,25,0.84418,0.5367728,0,93.208,1
"488",5341,0,1081.9,45,0.9410555,0.515493,0,114.931,1
"489",5344,78,0,53,0.9781022,0.8122503,0,115.956,2
"490",5357,0,38.4,22,0.8020619,0.6762546,0,157.941,1
"491",5361,253.9,0,21,0.9696106,0.7360249,0,178.333,2
"492",5363,29,0,22,0.9292373,0.2685553,0,75.735,2
"493",5367,0,29,48,0.9660665,0.6181263,0,131.15,1
"494",5376,0,24.975,40,0.7157502,0.6623877,0,17.813,1
"495",5378,113,15.975,19,0.9306147,0.8239487,0,109.957,4
"496",5385,9,0,30,0.9417562,0.4788392,0,63.526,2
"497",5417,93,0,53,0.7078025,0.3896552,0,106.806,2
"498",5418,19,58,27,0.9850227,0.4439885,0,84.228,4
"499",5424,0,37,58,0.9013453,0.6882716,0,61.96,1
"500",5428,0,37.785,34,0.987512,0.3596358,0,72.989,1
"501",5433,0,14.975,64,0.7709777,0.4362745,0,80.903,1
"502",5439,44,130.975,45,0.9265419,0.5817806,1,161.51,3
"503",5459,0,14,40,0.8060046,0.8551035,0,100.481,1
"504",5488,0,82.975,53,0.9638783,0.6172662,0,125.912,1
"505",5509,0,39,40,0.7892562,0.7039627,0,65.278,1
"506",5513,34.925,0,28,0.9090607,0.7774879,0,78.333,2
"507",5520,19,0,37,0.7043159,0.7709563,1,99.688,3
"508",5527,0,44,52,0.9556213,0.856674,0,250.001,1
"509",5534,29.95,0,60,0.9131339,0.4083677,0,90,2
"510",5547,0,78,45,0.7629797,0.2352941,0,69.792,1
"511",5550,0,39,40,0.7645327,0.1918605,0,30.679,1
"512",5557,108,14.975,59,0.9649289,0.6437588,0,137.344,4
"513",5565,0,204.975,37,0.6049646,0.7501183,0,101.735,1
"514",5582,0,19,34,0.738811,0.9087523,0,42.857,1
"515",5587,49,0,57,0.9167169,0.3402418,0,92.188,2
"516",5598,0,39,56,0.9432855,0.7192118,0,147.708,1
"517",5600,0,24.975,67,0.8775956,0.7011884,0,111.607,1
"518",5606,63,0,37,0.6141079,0.1932458,0,48.571,2
"519",5625,69,0,38,0.768943,0.3296521,0,65,2
"520",5632,0,54.95,30,0.5829005,0.3656716,0,71.648,1
"521",5652,0,19,26,0.7405941,0.6543709,0,112.052,1
"522",5679,0,33.975,33,0.9762219,0.8602151,0,97.019,1
"523",5682,84.975,0,48,0.7429346,0.5996284,1,52.076,3
"524",5683,0,117,43,0.8708897,0.846395,0,173.75,1
"525",5702,18.975,0,39,0.7617096,0.728079,0,137.054,2
"526",5707,19.975,0,44,0.8818069,0.6873563,0,115,2
"527",5723,0,120,41,0.9840183,0.439759,0,33.854,1
"528",5726,64,0,44,0.964539,0.5887372,0,64,2
"529",5733,39.95,0,48,0.9358169,0.4092593,0,14.42,2
"530",5737,0,48,35,0.9342771,0.698594,0,203.929,1
"531",5770,0,63.975,38,0.4092689,0.6829493,0,85.577,1
"532",5782,0,58,35,0.7786885,0.511041,0,64.878,1
"533",5787,0,190.95,35,0.1829026,0.3782867,0,48.455,1
"534",5800,34,39,21,0.8922443,0.4921415,0,41.01,4
"535",5804,34.975,0,35,0.6555184,0.6464258,0,101.016,2
"536",5806,24,0,40,0.9564145,0.8234751,0,132.946,2
"537",5813,14.975,0,34,0.6536267,0.383547,0,89.632,2
"538",5820,0,74,49,0.9031858,0.4142373,0,88.958,1
"539",5835,0,73.95,63,0.8565454,0.696282,0,74.333,1
"540",5836,58.95,0,21,0.9714077,0.3242059,0,62.778,2
"541",5837,39.5,0,30,0,0.1323185,0,32.314,3
"542",5881,68.975,0,81,0.5432966,0.6367568,0,150.435,2
"543",5886,269,164,32,0.8046154,0.812933,0,100.474,4
"544",5918,0,133.825,29,0.2089686,0.3467012,0,25.758,1
"545",5932,0,59.68,49,0.9711009,0.6922601,0,103.993,1
"546",5934,11.98,0,40,0.8123894,0.577189,0,104.139,2
"547",5949,0,14.975,48,0.9688013,0.7844712,0,126.463,1
"548",5954,14.975,0,49,0.8013443,0.4297521,0,43.483,2
"549",5961,0,7.48,24,0.0839965,0.3030096,0,70.96,3
"550",6013,0,46,40,1,0.4557109,0,128.558,1
"551",6029,281,0,54,0.9074838,0.4566285,0,87.188,2
"552",6032,915.95,88,35,0.8346348,0.2363636,0,53.576,4
"553",6035,88,107,47,0.9755422,0.7285608,0,210.227,4
"554",6063,0,34,25,0.6388634,0.8291667,0,174.348,1
"555",6066,9.975,72.975,60,1,0.7654321,0,127.273,4
"556",6087,0,24.975,40,0.9504673,0.4701912,0,93.906,1
"557",6089,141.975,78,48,0.9785799,0.5666236,0,92.813,4
"558",6107,0,117.975,52,1,0.8253968,0,145.114,1
"559",6127,0,48.95,52,0.6585956,0.6764264,1,111.711,3
"560",6128,0,273.975,56,0.9691877,0.6144756,0,70.076,1
"561",6132,0,14.975,64,0.5585925,0.5876623,0,72.475,1
"562",6134,0,14.975,34,0.8661417,0.5081967,0,90.956,1
"563",6138,0,69,43,0.9400136,0.3366834,0,14.212,1
"564",6141,0,49.95,44,0.7920753,0.7062671,0,101.62,1
"565",6153,0,24.975,40,0.9740872,0.5075885,0,140.774,1
"566",6158,59,111.975,55,0.9853747,0.8878049,0,193.25,4
"567",6159,181.875,0,41,0.9025271,0.5430183,0,32.47,2
"568",6162,24.975,155.975,44,0.7312253,0.4989474,0,118.654,4
"569",6168,0,28,55,0.8974609,0.3797814,0,74.722,1
"570",6172,205.975,0,30,0.7785031,0.5968809,0,79.978,2
"571",6202,78.925,0,25,0.7282668,0.2381371,0,58.966,2
"572",6211,0,34,55,0.8170796,0.8302387,0,250.001,1
"573",6213,0,44,67,0.9494845,0.2523775,0,38.434,1
"574",6221,24.975,0,34,0.9751196,0.8039492,0,79.792,2
"575",6228,302,558,47,0.6493084,0.5164506,0,149.886,4
"576",6230,0,9,57,0.9328716,0.6053748,0,111.641,1
"577",6242,0,24.975,36,0.8804878,0.8270548,0,96.875,1
"578",6246,0,53,44,0.8542544,0.5758242,0,95.417,1
"579",6248,0,83,52,0.8718929,0.8242009,0,143.977,1
"580",6254,90,220.575,40,0.2817796,0.3773946,0,25.517,4
"581",6258,19.95,109.925,39,0.9458918,0.6409537,0,111.375,4
"582",6278,192,64,42,0.5949206,0.682824,0,73.785,4
"583",6299,0,83,57,0.8487031,0.8961303,0,123.854,1
"584",6337,530.025,0,56,0.9161954,0.1029513,0,53.491,2
"585",6344,34.5,14,39,0.8869681,0.8247262,0,75.413,4
"586",6356,14.975,0,54,1,0.2999389,1,46.806,3
"587",6408,14.975,0,84,0.7737951,0.2843691,0,120.192,2
"588",6426,181.875,0,37,0.9583333,0.5163584,0,105.781,2
"589",6430,132,0,48,0.7737154,0.5679677,0,100.281,2
"590",6432,99,93,43,0.8844721,0.5764925,0,137.841,4
"591",6435,0,209.975,58,0.6919224,0.2275862,1,49.3,3
"592",6444,363.79,0,34,0.6055046,0.414978,1,83.25,3
"593",6450,104,53.975,28,0.6504583,0.6876015,0,29.696,4
"594",6472,0,78,55,0.9644103,0.6045589,1,96.944,3
"595",6487,83,0,32,0.7481645,0.4295533,0,68.936,2
"596",6491,0,4.975,49,0.9077748,0.7464789,0,104.135,1
"597",6502,44,0,59,0.9644642,0.3998733,0,90.978,2
"598",6506,121,39,52,0.9818888,0.728223,0,136.875,4
"599",6511,241,528.25,45,0.8056939,0.3352693,0,102.961,4
"600",6514,39.85,0,40,0.4090535,0.1496689,0,56.579,2
"601",6548,35.025,0,26,0.6572398,0.3901007,0,109.861,2
"602",6560,0,185.875,44,0.8465074,0.2811671,0,80.417,1
"603",6568,145,0,47,1,0.7702703,0,75.865,2
"604",6584,124,0,59,0.9735153,0.5516854,0,97.639,2
"605",6585,114.02,0,71,0.8734739,0.7819355,0,139.556,2
"606",6614,0,9,32,0.5081846,0.42123,0,91.139,1
"607",6628,39,0,25,0.7670823,0.5207342,0,51.083,2
"608",6631,24.95,0,21,0.9635854,0.6528926,0,93.233,2
"609",6658,0,84,66,0.8894762,0.843662,1,95.238,3
"610",6665,0,19,41,0.6680896,0.7544803,0,128.75,1
"611",6667,89.85,0,39,0.924338,0.86875,0,140.382,2
"612",6671,0,237.9,53,0.7336011,0.3016453,0,75.8,1
"613",6672,0,9.975,51,0.8885977,0.8547995,0,208.371,1
"614",6697,0,49,88,0.8343949,0.52349,0,69.25,1
"615",6701,0,176,46,0.5412844,0.5512083,0,81.806,1
"616",6721,0,63,39,0.7913938,0.5861635,0,107.292,1
"617",6723,0,48,40,0.9896534,0.7363421,0,111.131,1
"618",6737,0,38.975,47,0.8261377,0.7057314,0,234.274,1
"619",6739,0,1051.93,46,0.7357311,0.8238806,0,134.306,1
"620",6741,19,31.2,29,0.5949206,0.682824,0,73.785,4
"621",6759,74,354,40,0.5701754,0.4262086,0,43.25,4
"622",6770,0,58.975,27,0.9108194,0.9220616,0,116.01,1
"623",6771,36,0,56,0.9353333,0.4947808,1,86.622,3
"624",6774,148,0,48,0.8472553,0.4263158,0,91.813,2
"625",6777,0,1704.675,28,0.7364737,0.3773137,0,75.152,1
"626",6781,29,73.95,52,0.8683775,0.5719603,0,117.847,4
"627",6789,0,53.975,27,0.7422829,0.6735426,0,50.805,1
"628",6795,0,14,30,0.9421569,0.2359862,0,83.913,1
"629",6804,48,0,56,0.1275026,0.0490998,0,15.878,3
"630",6809,0,34,53,0.9138119,0.7633878,0,159.167,1
"631",6817,19.975,264,28,0.7252946,0.376989,0,61.83,4
"632",6834,181.975,58,42,0.810241,0.6901082,0,138.032,4
"633",6842,0,159.75,60,0.9048648,0.6583493,1,122.589,3
"634",6852,0,24.975,61,0.5456936,0.2594433,0,61.25,1
"635",6860,0,14,46,0.7440414,0.7682119,0,205.679,1
"636",6862,143.9,155.975,40,0.94227,0.4277778,0,85.333,4
"637",6874,53,88,41,0.9220779,0.7014135,0,56.087,4
"638",6878,0,39.925,46,0.883004,0.8374852,0,248.295,1
"639",6889,0,46,21,0.9744967,0.6523365,0,51.944,1
"640",6903,24.975,49.925,36,0.9891186,0.384252,0,119.355,4
"641",6904,149,0,54,0.8652257,1,0,238.919,2
"642",6906,99.975,0,45,0.8457539,0.8180404,0,250.001,2
"643",6907,0,41.95,40,0.677486,0.6395876,0,83.177,1
"644",6916,0,14.975,43,0.9025641,0.6296296,0,92.667,1
"645",6922,64,181,64,0.8640777,0.553719,0,62.5,4
"646",6932,116,72,50,0.9824695,0.641597,0,112.619,4
"647",6950,0,19,57,0.6552668,0.6358149,0,92.917,1
"648",6958,0,941.95,50,0.8673253,0.7920489,0,203.571,1
"649",6973,34.975,0,51,0.738933,0.276699,0,50.444,2
"650",6982,0,49,51,0.8661146,0.7671388,0,145.893,1
"651",6989,0,167,41,0.8426396,0.2677006,0,59.123,1
"652",6999,0,54,59,1,0.5349594,1,115.694,3
"653",7004,182,121.45,19,0.9696106,0.7360249,1,178.333,3
"654",7008,0,491,57,0.8479263,0.7854939,0,69.545,1
"655",7013,0,128.95,40,0.9470405,0.5478827,0,82.75,1
"656",7037,84.975,0,41,0.8345864,0.8753057,1,148.977,3
"657",7040,0,58,53,0.9848485,0.8899431,0,104.696,1
"658",7042,0,156,23,0.8066132,0.7471117,0,110.531,1
"659",7050,19.975,0,28,0.7569721,0.7413074,0,78.738,2
"660",7053,0,30,34,0.9516246,0.6060606,1,93.147,3
"661",7097,54,0,41,0.9466019,0.7576219,0,164.911,2
"662",7098,0,24.975,51,0.8503578,0.7849057,0,133.107,1
"663",7133,0,122.95,68,0.7943787,0.7649635,0,113.275,1
"664",7136,0,193,40,0.7478203,0.51357,1,52.473,3
"665",7141,39,39,43,0.9797078,0.6632184,0,144.231,4
"666",7173,93.9,57.975,53,0.6993464,0.5402299,0,126.525,4
"667",7199,0,34,34,0.5064711,0.6563821,0,79.798,1
"668",7207,53,0,32,0.8783069,0.8294117,0,80.938,2
"669",7211,0,34,51,0.9754673,0.4992163,0,100.396,1
"670",7216,0,49,47,0.8902655,0.2535684,0,53.648,1
"671",7220,87,0,39,0.9489051,0.7047387,0,137.379,2
"672",7225,0,64,30,0.8684791,0.9362699,0,206.912,1
"673",7262,0,33.15,40,0.7312253,0.4989474,0,118.654,1
"674",7284,0,113.95,45,0.6213469,0.5583483,0,95.431,1
"675",7306,19,14,39,0.5076401,0.517037,1,56.413,3
"676",7310,0,35,49,0.6852046,0.814876,0,110.536,1
"677",7314,0,86.975,40,0.4233441,0.4133739,0,31.632,1
"678",7316,0,14,63,0.758307,0.6481208,0,146.761,1
"679",7319,0,53.95,36,0.9305741,0.7724069,0,126.944,1
"680",7330,0,9.975,21,0.6916764,0.5760869,0,79.679,1
"681",7338,0,26.4,40,0.3937737,0.2520843,0,16.552,1
"682",7342,0,180,44,0.9554622,0.1740506,0,26.742,1
"683",7345,84,0,71,0.7774314,0.2092391,0,68.667,2
"684",7359,24,81.60001,58,0.8964029,0.8116883,0,180,4
"685",7400,0,82,34,0.9377713,0.3130081,0,86.518,1
"686",7404,0,117,47,0.8358862,0.419898,0,89.485,1
"687",7408,0,94,40,0.9557878,0.4661017,0,99.679,1
"688",7413,0,24,41,0.953125,0.6099237,0,120.815,1
"689",7416,0,34.975,28,0.910459,0.7636544,0,97.93,1
"690",7417,0,9,55,1,0.5576037,0,126.538,1
"691",7418,14,0,21,0.9824471,0.7946975,0,87.344,2
"692",7422,0,275.925,39,0.7789186,0.9337979,0,69.107,1
"693",7425,0,96.975,51,0.9529412,0.7095238,0,126.406,1
"694",7504,14.975,0,32,0.988526,0.1344743,0,59.125,2
"695",7531,0,78.975,48,0.7651775,0.6193548,0,39.063,1
"696",7533,0,59,36,0.261138,0.8995648,0,117.159,1
"697",7539,0,107.975,31,0.6489362,0.7909408,0,144.219,1
"698",7558,0,39,46,0.8619551,0.8448459,0,171.719,1
"699",7561,0,374.605,36,0.4741952,0.8843316,1,152.222,3
"700",7566,0,34,53,0.7829716,0.8606225,0,94.871,1
"701",7579,0,24,57,0.9361888,0.6367432,0,89.886,1
"702",7584,0,199.95,41,0.8737673,0.7088036,0,105.573,1
"703",7586,29,0,48,0.9834123,0.2246521,0,51.101,2
"704",7590,68,0,23,0.9869139,0.7872341,0,125.926,2
"705",7610,0,39,46,0.9684874,0.7449556,1,110.735,3
"706",7611,84,0,56,0.7640653,0.2075758,0,68.317,2
"707",7612,0,49,44,0.8425197,0.8785626,0,87.383,1
"708",7616,363,0,39,0.5788712,0.3872727,0,46.705,2
"709",7627,44.975,0,42,0.9859155,0.5541237,1,104.688,3
"710",7631,0,19.975,45,0.7110091,0.6348684,0,118.088,1
"711",7635,0,19.975,38,0.2824822,0.0459837,0,37.688,1
"712",7644,0,34,31,0.6864618,0.287594,0,41.438,1
"713",7665,0,11.98,41,0.9785624,0.209622,0,50.179,1
"714",7682,73,0,49,0.9549042,0.7140696,1,76.042,3
"715",7700,0,151.975,46,0.7748846,0.6654046,0,104.969,1
"716",7711,0,93,54,0.639866,0.0994924,0,13.9,1
"717",7714,9.975,125.1,49,0.9826428,0.5657226,0,99.115,1
"718",7722,0,19,23,0,0.2439024,0,37.208,3
"719",7729,26.975,353.975,41,0.6201258,0.8428207,0,156.05,4
"720",7761,108,0,30,1,0.5649351,0,189.034,2
"721",7765,68.9,0,20,0.8922122,0.1855828,0,58.214,2
"722",7769,0,9.975,67,1,0.5422484,0,103.462,1
"723",7774,0,38,51,0.8513258,0.7782152,0,250.001,1
"724",7783,0,63,42,0.8337119,0.4455026,0,97.861,1
"725",7802,0,64,49,0.9141882,0.2082043,0,66.522,1
"726",7809,0,38,43,0.9529412,0.8588235,0,250.001,1
"727",7827,0,83,60,0.8237918,0.5503634,0,250.001,1
"728",7857,9.975,0,40,0.6956522,0.0079365,0,56.625,2
"729",7865,53.975,0,43,0.9562693,0.6275982,0,136.642,2
"730",7877,0,44.95,43,0.9740608,0.6295181,0,88.125,1
"731",7878,0,145.975,20,0.959799,0.1682893,1,38.818,3
"732",7884,129.725,69.925,21,0.9730435,0.7987261,1,147.115,3
"733",7885,0,113,31,0.7241727,0.7509727,0,86.106,1
"734",7912,0,33,48,0.9163059,0.8256369,0,97.813,1
"735",7930,0,78,45,0.7933131,0.8063806,0,173.015,1
"736",7934,0,14.975,42,0.5494781,0.2073733,0,42.005,1
"737",7935,0,24.975,44,0.951624,0.1927593,0,66.029,1
"738",7940,0,44,53,0.8765218,0.2867816,0,42.358,1
"739",7960,0,9.975,52,0.9682457,0.6759657,0,121.25,1
"740",7965,0,118,45,0.858209,0.6329114,0,106.111,1
"741",8008,0,64,23,0.6452703,0.3511147,0,75.489,1
"742",8010,0,137,45,0.9399329,0.4586312,0,113.636,1
"743",8034,0,14,43,0.7933754,0.3728155,0,72.396,1
"744",8058,0,40.175,51,0.851131,0.7727639,0,187.286,1
"745",8060,295.975,0,52,0.8718171,0.4969062,0,81.458,2
"746",8067,0,23,40,0.7917548,0.426557,0,33.088,1
"747",8073,0,88,41,0.9114799,0.7687688,0,102.734,1
"748",8085,0,221.425,51,0.8313458,0.7080592,0,100.882,1
"749",8104,0,44.95,45,0.9594007,0.6312769,0,132.917,1
"750",8105,270.825,0,57,0.6037906,0.3739021,0,53.631,2
"751",8125,0,12,26,0.9928132,0.4266959,0,104.625,1
"752",8142,0,79.975,21,0.9677981,0.7288378,0,160.804,1
"753",8169,0,12,48,0.9550654,0.1390805,0,52.054,1
"754",8183,0,49,59,0.6378282,0.6685864,0,157.692,1
"755",8205,0,24,51,0.8003207,0.5168777,0,121.458,1
"756",8214,0,14,54,0.6289308,0.6420361,0,62.891,1
"757",8227,34.975,20.975,51,0.9339723,0.5295975,0,97.341,4
"758",8253,0,131,47,0.9669065,0.7982456,0,196.979,1
"759",8264,0,93,49,0.9018265,0.509106,0,168.542,1
"760",8279,249,73,49,0.9732758,0.7712082,0,117.344,4
"761",8280,0,19,41,0.6607843,0.3149606,0,91.723,1
"762",8281,0,65.385,21,0.8266757,0.7776442,0,234.226,1
"763",8283,74.975,92,23,1,0.4008715,0,78.996,4
"764",8293,361,0,41,0.7729211,0.3804645,0,39.548,2
"765",8294,34.975,0,43,0.9541631,0.7610063,1,141.316,3
"766",8295,0,107.9,45,0.8031991,0.7002012,0,169.531,1
"767",8321,0,565.575,58,0.8635452,0.5572233,0,116.389,1
"768",8329,0,24,41,0.9123644,0.2932515,0,101.964,1
"769",8378,0,196,21,0.9587209,0.2983129,0,86.917,1
"770",8380,29,44,26,0.7181868,0.3861652,0,63.462,4
"771",8390,0,93.95,39,0.7290382,0.3852961,0,76.863,1
"772",8391,0,120,25,0.9655814,0.8645161,0,65.99,1
"773",8399,0,92.25,43,0.4243075,0.291543,1,72.833,3
"774",8422,1745.95,0,42,0.9341657,0.8859504,0,106.855,2
"775",8433,0,19.975,54,0.8256334,0.3143619,0,80.063,1
"776",8455,0,14.975,40,0.8887508,0.4939219,0,54.349,1
"777",8469,0,19.95,63,0.7234568,0.7792453,0,101.05,1
"778",8487,0,14,19,0.4332206,0.6210014,1,234.741,3
"779",8490,0,72.95,19,0.664518,0.4649741,0,86.734,1
"780",8495,198,127.975,39,0.8977854,0.621881,0,42.444,4
"781",8504,0,92,51,0.8165218,0.7919463,0,21.688,1
"782",8507,32.955,0,20,0.320421,0.2252619,0,86.442,2
"783",8516,142.925,382.95,42,0.938342,0.6174318,0,104.961,4
"784",8518,83,0,65,0.9249292,0.5950276,0,94.494,2
"785",8531,23.975,0,56,0.916318,0.5707657,0,120.594,2
"786",8537,191,0,40,0.9914432,0.8017324,0,144.554,2
"787",8548,74.89999,56.95,23,0.8714285,0.5249042,0,123.472,4
"788",8569,0,50,34,0.8724138,0.6404495,0,19.479,1
"789",8571,0,14.975,51,0.9592384,0.395358,0,102.857,1
"790",8572,98,0,40,0.8510401,0.4710539,0,104.272,2
"791",8586,14,0,53,0.9414381,0.8076037,1,133.438,3
"792",8604,0,29,24,0.8545259,0.8736998,0,114.604,1
"793",8608,44,0,58,0.8501629,0.7260616,0,155.53,2
"794",8611,102,0,40,0.5383966,0.2525597,0,11.591,2
"795",8632,257.94,24.975,34,0.8073684,0.5761024,0,66.827,4
"796",8633,66.625,0,39,0.7383016,0.1786942,0,59.047,2
"797",8641,0,148,34,0.7918004,0.684949,0,138.173,1
"798",8657,0,84,59,0.8003442,0.3902628,1,79.211,3
"799",8659,0,34,33,0.790487,0.3344316,0,23.6,1
"800",8669,0,19.95,38,0.66875,0.5854657,0,52.375,1
"801",8686,0,25.5,46,0.9391682,0.71949,1,243.077,3
"802",8692,0,48.975,41,0.849076,0.7564516,0,196.75,1
"803",8693,19,24,39,0.9359286,0.4370629,1,89.205,3
"804",8707,0,4.975,59,0.9036649,0.5377446,0,98.558,1
"805",8724,0,9.975,47,0.8415841,0.2003594,0,58.39,1
"806",8728,0,58.975,82,0.6765746,0.7996147,0,150.865,1
"807",8737,9.975,59,25,0.9941652,0.4977099,0,110.714,4
"808",8742,0,19,21,0.9370034,0.3723978,0,106.705,1
"809",8746,4.975,0,52,0.9630072,0.4186046,0,59.375,2
"810",8748,0,39,46,0.7391165,0.3701268,0,62.904,1
"811",8756,0,39,45,0.968305,0.6725441,0,113.75,1
"812",8761,78.35,0,20,0.9853747,0.8878049,0,193.25,2
"813",8768,19.95,0,52,0.9130435,0.3941606,1,107.115,3
"814",8769,0,54,51,0.742968,0.3281027,0,88.017,1
"815",8771,0,14.975,74,0.8270893,0.181713,0,63.828,1
"816",8782,0,59,41,0.7498192,0.5337942,1,31.387,3
"817",8783,126,0,63,0.7797784,0.327791,0,22.188,2
"818",8788,0,57.975,40,0.9440619,0.7667804,0,145.536,1
"819",8789,0,88,26,0.9093718,0.8631329,0,179.063,1
"820",8818,0,78,27,0.9061372,0.6710098,0,115.139,1
"821",8821,0,12,20,0.8828394,0.6334728,0,64.792,1
"822",8824,0,64.975,56,0.7509995,0.5717557,0,71.563,1
"823",8829,1064.975,1540.975,63,0.6354515,0.521197,0,60.033,4
"824",8850,49.925,0,40,0.4078947,0.4251969,0,39.5,2
"825",8861,0,29,35,0.8406736,0.7744154,0,57.102,1
"826",8870,73.975,0,49,0.9428858,0.4214418,0,69.36,2
"827",8874,495.925,173.975,41,0.7643527,0.9710611,1,184.375,3
"828",8900,75,154,39,0.924297,0.6920877,1,140.139,3
"829",8909,58,317.975,34,0.0967391,0.2685185,0,46.5,3
"830",8922,83,0,24,1,0.5308176,0,49.6,2
"831",8929,34,34,42,0.5513419,0.2713797,0,101.042,4
"832",8955,0,14.975,37,0.8245721,0.8532258,0,124.722,1
"833",8971,256,0,36,0.8318182,0.7087629,0,230.333,2
"834",8972,0,102,40,0.9593023,0.6397813,1,64.338,3
"835",8973,131,0,19,0.98753,0.4399171,0,89.821,2
"836",8977,133.9,391.975,40,0.8729282,0.4858156,0,70.096,4
"837",8981,24,0,24,0.8043202,0.5711044,0,60.25,2
"838",8985,0,58.5,26,0.355181,0.4133574,0,40.343,1
"839",9000,0,49.95,50,0.8748932,0.7126213,0,109.531,1
"840",9008,0,72,41,0.9254237,0.5581228,0,100.678,1
"841",9011,0,16,45,0.9002998,0.8166127,1,224.167,3
"842",9015,0,24.975,46,0.9726937,0.8160329,0,96.477,1
"843",9016,0,44,57,0.9121622,0.6659176,1,87.759,3
"844",9024,0,78,53,0.9735328,0.6262799,1,81.563,3
"845",9029,34,0,20,0.8011205,0.5766363,0,71.453,2
"846",9055,39,0,42,0.3368771,0.3909665,0,76.415,2
"847",9063,99,118,41,0.9222912,0.2468459,0,86.755,4
"848",9066,0,29,46,0.9609756,0.6514936,1,59.612,3
"849",9070,0,51,48,0.4455803,0.1116279,0,74.444,1
"850",9072,0,34.975,54,0.6950426,0.5471917,0,54.984,1
"851",9111,0,88.975,40,0.9122542,0.6456522,0,96.667,1
"852",9114,0,39,43,0.8378661,0.8592896,0,249.792,1
"853",9116,0,19,24,0.71949,0.2724936,0,76.5,1
"854",9121,0,52.975,51,0.9257376,0.1358543,0,44.188,1
"855",9130,0,14,34,0.7808418,0.5490922,0,70.549,1
"856",9167,34.925,0,37,0.9615257,0.311753,0,66.125,2
"857",9183,0,182.92,41,0.9448468,0.466795,0,148.646,1
"858",9197,14,0,49,0.5551245,0.5907474,1,77.218,3
"859",9201,59,0,40,0.7725146,0.7297297,1,79.264,3
"860",9218,0,12.6,26,0.9454545,0.3833017,0,47.5,1
"861",9220,19,0,55,0.9187908,0.6937431,0,157.917,2
"862",9225,0,24,40,0.8829353,0.2026801,0,83,1
"863",9271,24,0,23,0.514227,0.5501044,0,64.792,2
"864",9281,0,172.95,55,0.3239905,0.0630564,1,54.075,3
"865",9283,0,193.975,23,0.9255933,0.3374642,0,65.938,1
"866",9289,79.925,0,37,0.2225352,0.3593034,0,42.625,2
"867",9294,0,39,24,0.9276944,0.31961,0,99,1
"868",9297,24.975,63,57,1,0.4937888,1,79.2,3
"869",9303,0,77.95,40,0.9220415,0.6373333,0,127.5,1
"870",9318,0,44.975,71,0.982256,0.1484794,0,57.596,1
"871",9332,0,105.975,56,0.8977346,0.5680239,0,119.231,1
"872",9333,0,14,23,0.6279307,0.3226191,1,14.883,3
"873",9334,207.95,0,40,0.0171617,0.5874649,0,150.912,2
"874",9365,0,14.975,39,0.6720554,0.3836406,0,49.318,1
"875",9368,0,48.975,40,0.7616771,0.5730187,0,55.117,1
"876",9382,0,146,21,0.6921151,0.7308378,1,135.234,3
"877",9383,0,127,43,0.526253,0.3139098,0,66.339,1
"878",9414,0,24,40,0.43898,0.3238167,0,56.293,1
"879",9415,297,0,83,0.9952996,0.2535842,0,69.028,2
"880",9434,100,0,27,0.9298962,0.6805742,1,104.113,3
"881",9452,34.5,64,44,0.7964796,0.7321429,0,150.192,4
"882",9460,46.4,14.975,41,0.940551,0.7544776,0,164.583,4
"883",9486,19.95,0,28,0.0979924,0.1209603,0,41.786,2
"884",9496,29,0,66,0.7083333,0.5452675,0,80.391,2
"885",9503,44.975,0,71,1,0.5711974,1,97.344,3
"886",9520,0,49,39,0.731302,0.6679058,1,87.774,3
"887",9532,24.975,0,57,0.9703557,0.2473545,0,53.594,2
"888",9542,34.975,480.355,40,0.9354839,0.5439673,0,83.125,4
"889",9569,24.975,0,24,0.9507603,0.6916335,0,57.737,2
"890",9570,34.975,0,40,0.6640625,0.2124682,0,37,2
"891",9574,19,0,40,0.9577338,0.6657929,0,130.101,2
"892",9593,0,28,25,0.9167361,0.5518072,0,125.156,1
"893",9594,39.95,0,44,0.842867,0.5984784,0,84.702,2
"894",9609,136.95,0,38,0.9484396,0.5674419,0,94.327,2
"895",9610,63,82.95,23,0.6469194,0.4877049,0,34.966,4
"896",9624,29,0,55,1,0.3383085,0,76.406,2
"897",9633,59.95,0,42,0.7926391,0.2762692,0,82.039,2
"898",9671,0,19.95,35,0.2560554,0.3510583,1,99.615,3
"899",9679,24.975,0,41,0.6331789,0.0878073,0,47.708,2
"900",9686,148,362,40,0.8746898,0.2370173,0,81.354,4
"901",9695,0,108,36,0.8088779,0.6810126,0,121.75,1
"902",9712,0,165.95,41,0.9478765,0.6476274,0,122.125,1
"903",9719,59.95,0,19,0.9817851,0.1362069,1,50.855,3
"904",9727,108,0,41,0.7983239,0.6670572,0,129.045,2
"905",9732,0,156,42,0.6533524,0.3405173,0,62.188,1
"906",9735,21,0,42,0.009622,0.0252845,0,30.682,3
"907",9741,38,0,20,0.9626225,0.3669421,0,67.596,2
"908",9742,0,14.975,26,0.8929889,0.4089834,0,51.944,1
"909",9745,34,0,40,0.2955123,0.1193548,0,26.615,2
"910",9751,49,0,41,0.2272203,0.5016077,0,64.306,2
"911",9766,12,0,43,0.98537,0.4612403,0,124.55,2
"912",9774,14.975,0,20,0.9833333,0.3266753,0,47.212,2
"913",9790,0,4.975,19,0.9108014,0.6578171,0,162.86,1
"914",9791,64,0,42,0.9773484,0.3934502,0,80.958,2
"915",9793,43.975,97.975,40,0.550966,0.5513918,0,45.729,4
"916",9804,0,4.975,40,0.7995627,0.5072202,0,57.159,1
"917",9812,79.9,0,40,0.6778806,0.2703322,0,65.446,2
"918",9855,0,14,43,0.9838256,0.4307944,0,36.797,1
"919",9859,28.975,0,54,1,0.2872117,0,52.604,2
"920",9875,0,41,22,0.7770864,0.4521173,0,44.565,1
"921",9884,238.475,205.975,57,0.8540434,0.1189873,0,34.688,4
"922",9895,0,34,44,0.8619551,0.8448459,0,171.719,1
"923",9911,0,7.475,38,0.8717414,0.5506574,1,116.386,3
"924",9914,122.975,64,32,0.557879,0.1363128,0,72.5,4
"925",9916,0,45.975,39,0.6261615,0.5186275,0,15.954,1
"926",9922,19.975,0,36,0.777938,0.9615384,0,4.5,2
"927",9961,0,165.975,40,0.0816652,0.6118062,0,98.75,1
"928",9971,19,0,41,0.8360776,0.6269649,0,94.038,2
"929",9972,68,0,37,0.7562001,0.8408408,0,15.859,2
"930",9996,0,74.875,42,0.9328716,0.6053748,0,111.641,1
"931",10002,0,88.975,61,0.9531443,0.8673324,0,177.569,1
"932",10005,24.975,0,43,0.6588381,0.329932,0,61.786,2
"933",10009,151,0,47,0.797859,0.8572938,0,86.103,2
"934",10012,94.85,0,31,0.917577,0.4404332,0,67.045,2
"935",10023,14.975,0,40,0.9204276,0.6127451,0,144.241,2
"936",10025,744.735,0,41,0.9281329,0.2623762,0,45.909,2
"937",10039,64,0,43,0.962045,0.430512,0,78.472,2
"938",10056,14.975,0,48,0.6565657,0.4327087,0,46.875,2
"939",10057,24.975,0,21,0.8981481,0.5592048,0,83.333,2
"940",10078,14.975,0,61,0.9431239,0.7257485,0,117.982,2
"941",10086,118.975,0,40,0.661191,0.7891026,0,106.635,2
"942",10099,64,0,26,0.7544248,0.6473345,0,54.151,2
"943",10106,64,0,43,0.8589602,0.277726,0,74.191,2
"944",10108,69.95,0,40,0.6987952,0.6626506,0,70.64,2
"945",10122,19.975,0,26,0.3282804,0.4430631,0,20.389,2
"946",10147,0,14,40,0.6908998,0.1174699,1,49.493,3
"947",10183,0,94.925,41,0.7360595,0.3506429,0,82.182,1
"948",10186,0,49,40,0.8832574,0.6823679,0,55.466,1
"949",10193,0,132.95,40,0.6874003,0.5460251,0,38.438,1
"950",10197,61,0,41,0.0209235,0.2016211,0,58.419,2
"951",10224,29,0,43,0.3600926,0.3445219,1,97.258,3
"952",10228,0,44,56,0.8693738,0.3241279,1,103.843,3
"953",10231,0,19,22,0.7238395,0.5759818,0,99.295,1
"954",10237,14.975,0,41,0.8378088,0.5867957,1,101.202,3
"955",10241,77.775,475.885,33,0.488189,0.3174744,0,27.673,4
"956",10243,14.975,0,32,0.7520891,0.2646341,1,66.025,3
"957",10248,88,0,41,0.9300477,0.5280963,0,54.412,2
"958",10255,34,0,51,0.7247154,0.690411,1,118.393,3
"959",10258,84,0,33,0.7638111,0.5461347,0,122.639,2
"960",10275,0,9.975,44,0.7273296,0.5449855,0,86.366,1
"961",10277,0,38.975,62,0.6650619,0.5088339,0,50.242,1
"962",10278,0,14,46,0.9305379,0.4603069,0,109,1
"963",10279,29.95,0,40,0.7917548,0.426557,1,33.088,3
"964",10281,44,0,45,0.9109538,0.6399354,0,144.833,2
"965",10284,0,78,42,0.8850659,0.6887755,0,48.237,1
"966",10302,0,66.455,49,0.6291619,0.8726752,1,250.001,3
"967",10304,19.975,0,48,0.7041667,0.3736177,0,98.734,2
"968",10311,99,39,43,0.5276518,0.5150115,0,162.857,4
"969",10312,0,64,26,0.9144812,0.8393095,0,50.769,1
"970",10318,0,4.975,30,0.0528942,0.3158621,0,51.589,3
"971",10326,0,83,40,0.53297,0.6494083,0,154.583,1
"972",10328,19,192,36,0.7086856,0.4279476,0,13.051,4
"973",10337,238,0,54,0.8207604,0.2889699,1,73.789,3
"974",10340,287.875,0,40,0.6819142,0.620227,0,129.167,2
"975",10344,0,595.975,48,0.8281807,0.7093352,0,48.672,1
"976",10361,128,0,39,0.010989,0.2667375,0,93.142,2
"977",10363,0,58,42,0.9682977,0.6433566,0,95.33,1
"978",10385,44,0,38,0.4359091,0.1020553,1,31.148,3
"979",10390,73,33.705,45,0.4701987,0.6601374,0,152.075,4
"980",10391,19.975,0,35,0.7330163,0.1433927,1,94.286,3
"981",10393,99.95,0,36,0.9644406,0.532294,0,83.438,2
"982",10394,79,19.95,42,0.4461538,0.4421416,0,73.854,4
"983",10409,39.925,0,19,0.9211357,0.7619554,0,144.688,2
"984",10412,0,53,23,0.9101424,0.3966245,0,95.92,1
"985",10428,73.975,0,32,0.9294385,0.4378321,0,103.269,2
"986",10442,34,78,43,0.9892857,0.9277108,0,250.001,4
"987",10449,0,34,43,0.9776078,0.775291,0,164.698,1
"988",10452,30,0,48,0.6780545,0.1217075,0,34.631,2
"989",10463,0,88.975,40,0.6152056,0.6600832,0,176.136,1
"990",10487,0,58.95,41,0.3217666,0.902439,0,192.206,1
"991",10491,58,0,40,0.7574932,0.7799401,1,107.474,3
"992",10504,0,26.975,46,0.9306452,0.7556886,0,116.181,1
"993",10521,39,0,47,1,0.3326316,1,82.411,3
"994",10532,19,0,24,0.9464175,0.6859422,0,141.552,2
"995",10537,69.975,0,40,0.9163059,0.8256369,0,97.813,2
"996",10542,34,0,40,0.8009229,0.6830357,0,85.346,2
"997",10556,0,29,42,0.9556213,0.1829897,1,74.808,3
"998",10579,0,43.975,21,0.7169005,0.5275275,0,80.23,1
"999",10588,0,63.975,59,0.4449133,0.3867325,0,98.261,1
"1000",10589,0,102,41,0.9919391,0.3548387,0,87.5,1
