iid,revenue_0,revenue_1,revenue_2,revenue_3,revenue_4,revenue_5,revenue_6,revenue_7,revenue_8,revenue_9
14,132.98,216.21,169.94,76.23,172.05,0,0,0,0,0
19,171.98,153.77,66.62,58.45,228.92,149.24,161.57,179.18,142.36,0
20,92,100.3,94.18,100.28,87.62,82.51,135.57,117.32,52.36,95.87
27,49.95,0,0,0,0,0,0,0,0,0
58,367.95,381.21,467.38,0,0,0,0,0,0,0
77,85.97,109.93,70.61,77.57,44.16,123.18,0,0,0,0
82,617.97,927.59,0,0,0,0,0,0,0,0
99,34,18.17,0,0,0,0,0,0,0,0
143,603,698.31,687.15,439.38,499.95,723.82,574.23,767.45,775.79,706.45
148,89.9,0,0,0,0,0,0,0,0,0
155,499,631.66,425.35,592.77,0,0,0,0,0,0
159,65,0,0,0,0,0,0,0,0,0
166,24.95,37.64,30.51,17.51,19.1,19.17,0,0,0,0
173,257.69,195.61,221.56,121.26,174.31,0,0,0,0,0
180,395.9,528.26,497.9,633.69,501.2,475.66,514.22,418.06,0,0
197,57,52.52,63.02,0,0,0,0,0,0,0
199,34.97,36.36,43.02,36.93,38.87,23.93,41.3,28.69,35.96,0
200,34,33.89,14.55,36.56,34.92,24.39,15.63,25.5,0,0
206,88,93.73,101.96,109.43,89.04,88.28,0,0,0,0
219,138.98,147.52,135.55,138.9,138.53,0,0,0,0,0
227,159,0,0,0,0,0,0,0,0,0
229,812.59,913.73,772.33,615.1,0,0,0,0,0,0
244,233.78,216.84,301.42,184.75,197.91,333.03,135.68,334.19,0,0
250,120.93,166.45,37,107.76,117.02,97.86,49.55,100.89,164.31,93.44
275,271.34,183.08,0,0,0,0,0,0,0,0
276,256,201.75,425.46,369.72,195.52,0,0,0,0,0
279,64,0,0,0,0,0,0,0,0,0
300,517.92,618.75,0,0,0,0,0,0,0,0
303,1044.87,0,0,0,0,0,0,0,0,0
341,204.82,0,0,0,0,0,0,0,0,0
342,107,0,0,0,0,0,0,0,0,0
387,856,0,0,0,0,0,0,0,0,0
396,668.2,555.91,427.74,272.08,579.13,600.66,777.11,355.35,652.97,607.8
403,154.7,174.72,127.53,239.81,129.41,0,0,0,0,0
404,44.97,31.84,61.84,54.82,52.18,56.1,55.67,37.67,0,0
406,142.92,113.63,144.18,173.38,174.91,0,0,0,0,0
421,411.17,0,0,0,0,0,0,0,0,0
436,178.95,298.41,170.65,197.38,284.51,182.88,228.54,83.45,128.76,247.65
443,54.93,0,0,0,0,0,0,0,0,0
452,307,0,0,0,0,0,0,0,0,0
461,299.35,141.2,150.82,340.33,195.65,0,0,0,0,0
475,153.9,192.62,107.28,97.49,158.38,193.49,157.22,123.23,215.67,198.9
478,74.85,94.72,80.91,0,0,0,0,0,0,0
490,290.95,0,0,0,0,0,0,0,0,0
501,93,98.98,75.74,118.64,101.44,100.29,83.94,0,0,0
521,1894.98,2626.24,1522.39,0,0,0,0,0,0,0
531,78,57.63,93.03,0,0,0,0,0,0,0
556,95.37,103.6,105.89,95.77,94.01,50.36,46.17,0,0,0
577,19,29.71,14.86,26.5,0,0,0,0,0,0
583,73,97.26,74.44,0,0,0,0,0,0,0
596,78,53.46,82.93,0,0,0,0,0,0,0
603,382,357.64,391.3,240.85,428.19,289.94,439.91,373.27,436.93,0
610,84,0,0,0,0,0,0,0,0,0
619,44,34.2,0,0,0,0,0,0,0,0
647,49,0,0,0,0,0,0,0,0,0
663,39,25.92,29.76,46.35,37.8,57.5,27.06,51.93,47.65,34.52
678,24.98,13.82,22.25,42.77,20.63,26.73,23.21,24.17,35.61,24.03
700,258.8,320.67,325.45,170.33,327.22,0,0,0,0,0
716,234,224.13,122.88,225.25,165.75,264.99,179.18,241.01,377.76,225.67
725,49,0,0,0,0,0,0,0,0,0
735,286.95,0,0,0,0,0,0,0,0,0
760,37.97,0,0,0,0,0,0,0,0,0
777,99.95,121.74,79.18,0,0,0,0,0,0,0
798,82.95,126.92,99.42,96.91,116.02,0,0,0,0,0
804,485.33,549.16,263.35,763.8,0,0,0,0,0,0
807,78,83.83,92.17,88.84,116.97,98.69,64.12,64.33,71.19,0
814,182.8,166.93,172,156.27,223.72,235.36,60.98,238.99,239.62,279.76
828,77.95,79.28,81.48,70.18,0,0,0,0,0,0
840,24,30.58,18.57,28.57,23.49,29.15,23.76,29.46,26.34,37.9
843,18,26.72,9.55,6.27,9.61,21.73,24.03,11.93,8.67,11.12
851,2120.9,2523,2966.73,0,0,0,0,0,0,0
855,14.98,17.11,22.54,17.22,13.51,19.58,23.59,8.46,10.31,18.62
876,131.98,149.85,196.07,96.7,0,0,0,0,0,0
881,19.98,20.37,27.2,21.68,27.77,31.05,17.38,0,0,0
887,1235.98,1018.35,999.58,1211.52,0,0,0,0,0,0
913,64,48.57,45.04,81.41,57.46,47.97,65.41,109.64,102.97,72.68
930,137.36,147.4,0,0,0,0,0,0,0,0
931,39,29.88,45.78,43.55,29.04,35.49,27.84,0,0,0
941,12,15.27,6.56,10.46,12.83,9.5,5.88,11.41,13.23,11.54
949,44,55.51,62.59,42.31,0,0,0,0,0,0
961,412.44,299.83,0,0,0,0,0,0,0,0
968,29.95,17.32,20.54,33.98,29.35,22.55,35.81,0,0,0
980,64,70.56,79.12,59.59,64.16,77.24,80.85,70.66,67.69,37.19
984,49.95,49.36,47.8,78.32,31.35,57.69,71.93,43.19,0,0
988,24,18.28,17.67,37.6,24.54,47.51,18.28,31.14,0,0
997,14.98,22.3,12.68,10.63,20.88,15.36,14.29,21.94,11.92,17.77
1010,24.98,0,0,0,0,0,0,0,0,0
1029,84,111,75.09,0,0,0,0,0,0,0
1030,19.95,27.49,28.27,0,0,0,0,0,0,0
1031,182.1,132.49,228.25,0,0,0,0,0,0,0
1045,59.9,56.7,46.97,62.25,0,0,0,0,0,0
1049,39,52.32,0,0,0,0,0,0,0,0
1055,94,0,0,0,0,0,0,0,0,0
1068,64,37.55,55.7,95.24,51,89.24,46.46,51.31,70.25,48.96
1077,144,164.68,91.89,0,0,0,0,0,0,0
1084,34,35.03,27.76,0,0,0,0,0,0,0
1097,612.92,539.16,827.95,1016.13,695.59,1044.94,974.02,627.89,946.81,668.33
1099,315.92,237.91,0,0,0,0,0,0,0,0
1120,39.95,0,0,0,0,0,0,0,0,0
1140,9.98,0,0,0,0,0,0,0,0,0
1141,2631.11,957.46,2724.41,3241.1,1558.04,2938.26,0,0,0,0
1162,155.97,0,0,0,0,0,0,0,0,0
1163,50.4,42.63,74.15,60.21,0,0,0,0,0,0
1165,34.97,11.07,32.59,45.52,0,0,0,0,0,0
1173,50.23,66.79,44.75,29.34,62.33,59.39,0,0,0,0
1187,220,264.94,296.04,163.88,234.48,220.26,181.61,182.84,205.64,196.83
1189,87.97,116.86,76.85,133.18,0,0,0,0,0,0
1212,49,52.4,0,0,0,0,0,0,0,0
1213,34,50.98,35.78,0,0,0,0,0,0,0
1214,69.85,0,0,0,0,0,0,0,0,0
1218,14.98,0,0,0,0,0,0,0,0,0
1242,34,43.53,32.79,44.58,32.25,40.06,50.37,37.24,0,0
1248,466.95,559.27,644.44,414.76,552.24,287.46,296.45,365.61,214.96,544.4
1254,14.98,17.73,9.76,0,0,0,0,0,0,0
1280,84.88,0,0,0,0,0,0,0,0,0
1327,108.95,106.65,95.84,104.49,125.36,75.16,126.3,54.64,192.89,147.77
1329,59.9,57.46,75.72,80.69,80.42,44.09,44.94,71.33,0,0
1360,319.98,357.42,259.22,0,0,0,0,0,0,0
1372,29,0,0,0,0,0,0,0,0,0
1382,62.97,55.98,101.91,59.21,33.64,74.32,86.71,48.31,70.26,89.02
1385,107,119.76,95.07,107.62,79.55,0,0,0,0,0
1386,1470.77,1127.35,0,0,0,0,0,0,0,0
1393,9,9.14,7.07,15.29,7.47,10.29,0,0,0,0
1401,29.92,37.63,19.97,21.7,0,0,0,0,0,0
1412,9.98,0,0,0,0,0,0,0,0,0
1420,79.95,0,0,0,0,0,0,0,0,0
1443,9.98,10.17,9.54,11.33,0,0,0,0,0,0
1452,323.25,0,0,0,0,0,0,0,0,0
1481,180,138.74,147.28,98.46,147.51,248.11,229.64,193.13,163.74,163.03
1527,221.65,0,0,0,0,0,0,0,0,0
1558,44.9,26.5,49.68,0,0,0,0,0,0,0
1569,366.95,332.24,345.38,206.02,448.54,0,0,0,0,0
1592,99.4,111.92,92.84,93.53,108.28,73.75,47.75,0,0,0
1608,48,60.71,52.97,52.11,31.31,36.89,0,0,0,0
1619,29,30.7,16.24,0,0,0,0,0,0,0
1624,45.9,37,33.21,0,0,0,0,0,0,0
1631,155.48,205.98,0,0,0,0,0,0,0,0
1632,14,0,0,0,0,0,0,0,0,0
1648,34.92,0,0,0,0,0,0,0,0,0
1659,522,0,0,0,0,0,0,0,0,0
1660,113,116.37,121.17,67.05,85.44,129.24,0,0,0,0
1682,528.92,530.41,762.75,662.48,0,0,0,0,0,0
1692,16.96,19.07,15.4,3.91,11.86,0,0,0,0,0
1695,212.95,273.16,135.97,269.35,134.61,234.01,213.91,233.3,234.87,300.79
1701,14.98,16.55,21.45,0,0,0,0,0,0,0
1707,378,213.8,501.27,301.47,370.67,0,0,0,0,0
1719,14,0,0,0,0,0,0,0,0,0
1734,270.88,295.2,284.18,0,0,0,0,0,0,0
1744,937.72,1166.66,0,0,0,0,0,0,0,0
1758,44,62.2,18.07,46.22,0,0,0,0,0,0
1778,205.95,183.65,143.73,318.29,140.16,0,0,0,0,0
1779,398,291.99,637.67,480.1,434.2,357.37,0,0,0,0
1792,34,55.71,35.14,22.83,33.7,35.57,31.03,49.9,0,0
1802,77.9,82.41,94.44,52.89,72.47,38.14,82.54,0,0,0
1812,152.45,102.35,129.04,152.31,145.35,202.07,158.51,108.65,93.74,133.54
1829,338,520.51,476.96,412.94,389.37,0,0,0,0,0
1834,42.98,39.79,34.55,42.09,30.25,0,0,0,0,0
1836,73,76.21,91.54,77.47,54.99,0,0,0,0,0
1842,46.9,0,0,0,0,0,0,0,0,0
1847,14,10.39,14.57,11.5,7.64,7.22,0,0,0,0
1862,1258.86,1022.44,2057.53,1319.14,1822.99,1010.49,1358.74,1046.98,1325.45,1944.2
1869,241,0,0,0,0,0,0,0,0,0
1874,34,30.74,0,0,0,0,0,0,0,0
1895,69,61.61,0,0,0,0,0,0,0,0
1900,552.4,0,0,0,0,0,0,0,0,0
1936,43.97,0,0,0,0,0,0,0,0,0
1946,28.9,30.75,15.72,19.26,0,0,0,0,0,0
1960,28,27.28,0,0,0,0,0,0,0,0
1966,138.95,112.9,0,0,0,0,0,0,0,0
1969,64,0,0,0,0,0,0,0,0,0
1971,208.95,276.01,108.73,0,0,0,0,0,0,0
1993,345.98,431.57,317.43,412.66,252.57,347.88,362.93,320.22,325.93,215.48
2033,95,122.7,163.88,0,0,0,0,0,0,0
2047,121,85.49,163.42,142.58,107.65,0,0,0,0,0
2049,109.9,115.17,0,0,0,0,0,0,0,0
2089,9.98,6.7,7.11,0,0,0,0,0,0,0
2097,24,10.15,18.38,33.45,23.22,23.31,2.72,0,0,0
2105,89,80.33,95.78,0,0,0,0,0,0,0
2126,1101.63,1365.73,0,0,0,0,0,0,0,0
2132,140.85,107.7,168.88,91.16,167.46,0,0,0,0,0
2135,396.85,521.63,421.71,565.24,214.22,0,0,0,0,0
2138,182.83,147.38,189.82,0,0,0,0,0,0,0
2140,49,50.64,53.55,52.15,37.24,41.32,0,0,0,0
2141,192.95,263.77,153.89,0,0,0,0,0,0,0
2163,24.98,34.33,10.87,35.12,23.76,28.93,28.65,29.72,19.3,30.3
2168,49,23.5,47.82,46.49,0,0,0,0,0,0
2170,36.4,56.8,36.62,25.93,0,0,0,0,0,0
2174,1211,1070.85,0,0,0,0,0,0,0,0
2177,9.98,12.4,11.33,0,0,0,0,0,0,0
2183,64.36,50.67,0,0,0,0,0,0,0,0
2190,61.75,48.12,58.63,52.07,0,0,0,0,0,0
2191,265,322.87,241.95,349.43,384.56,234.82,400.03,190.32,0,0
2192,948,1015.72,866.93,756.6,0,0,0,0,0,0
2228,14.98,20.07,0,0,0,0,0,0,0,0
2241,23,0,0,0,0,0,0,0,0,0
2264,96.97,0,0,0,0,0,0,0,0,0
2283,257.85,189.58,262.27,205.35,349.92,309.96,367.65,140.45,221.73,0
2284,39,19.7,38.67,39.08,40.35,37.07,19.82,29.58,42.98,0
2286,19,0,0,0,0,0,0,0,0,0
2298,220.13,311.89,0,0,0,0,0,0,0,0
2302,44,33.85,40.47,25,50.25,43.52,34.93,43.2,43.77,0
2303,88,121.44,70.69,58.24,109.58,0,0,0,0,0
2324,34,41.26,20.92,31.32,35.2,43.5,32.73,0,0,0
2328,68.95,74.14,40,0,0,0,0,0,0,0
2333,34,0,0,0,0,0,0,0,0,0
2336,217,222.35,209.81,229.78,0,0,0,0,0,0
2356,45.6,30.54,57.13,39.44,0,0,0,0,0,0
2379,22.45,0,0,0,0,0,0,0,0,0
2393,175.95,114.78,70.97,87.75,127.19,131.86,215.53,0,0,0
2396,44,0,0,0,0,0,0,0,0,0
2397,382.95,0,0,0,0,0,0,0,0,0
2405,1309.1,0,0,0,0,0,0,0,0,0
2419,29.95,26.36,38.5,32.14,33.01,35.78,12.77,25.01,24.66,34
2442,44,45.39,0,0,0,0,0,0,0,0
2450,19.98,0,0,0,0,0,0,0,0,0
2454,24.98,23.26,17.35,11.5,28.23,28.74,12.88,22.83,24.23,0
2467,914.35,902.98,599.73,1111.35,833.47,0,0,0,0,0
2472,69,88.04,55.77,44.04,0,0,0,0,0,0
2484,14.98,17.15,0,0,0,0,0,0,0,0
2499,237,301.88,316.86,240.55,252.92,289.04,274.98,309,0,0
2500,49.95,62.93,44.05,51.67,0,0,0,0,0,0
2527,849.52,446.79,819.36,281.86,1270.9,708.01,716.74,898.58,888.01,612.72
2531,409.69,0,0,0,0,0,0,0,0,0
2537,172.98,196.18,186.38,121.1,182.35,114.6,0,0,0,0
2539,53,32.92,51.94,55.79,46.96,58.77,0,0,0,0
2577,53.97,39.94,64.59,54.35,56.61,11.88,0,0,0,0
2578,69.93,76.91,102.58,0,0,0,0,0,0,0
2589,193,218.06,236.39,235.72,195.4,261.17,0,0,0,0
2612,17.95,0,0,0,0,0,0,0,0,0
2659,68,0,0,0,0,0,0,0,0,0
2681,34.97,30.76,40.79,30.15,36.82,0,0,0,0,0
2688,331.95,460.53,0,0,0,0,0,0,0,0
2693,84.85,66.71,75.44,83.17,76.81,72.92,0,0,0,0
2733,59.95,41.61,58.37,63.48,71.32,39.01,43.81,0,0,0
2735,38,22.12,0,0,0,0,0,0,0,0
2755,161.98,168.14,222.49,0,0,0,0,0,0,0
2757,28.98,34.47,0,0,0,0,0,0,0,0
2767,204.98,190.75,172.32,317.2,210.21,0,0,0,0,0
2774,44.97,29.53,40.48,51.76,36.77,59.92,56.99,45,52.24,40.71
2786,34.97,0,0,0,0,0,0,0,0,0
2799,92,0,0,0,0,0,0,0,0,0
2813,14,19.4,9.43,10.59,11.15,18.1,0,0,0,0
2835,437,471.16,612.42,482.47,432.35,501.04,423.17,539.41,445.01,444.57
2846,115.93,166.44,105.08,0,0,0,0,0,0,0
2859,24.95,12.08,32.29,36.85,0,0,0,0,0,0
2866,49.92,83.07,71.54,0,0,0,0,0,0,0
2877,38.97,46.64,0,0,0,0,0,0,0,0
2883,24,17.43,8.16,27.24,23.22,20.47,8.95,0,0,0
2916,427.75,290.23,472.85,416.51,384.78,500.23,336.82,320.9,673.79,429.37
2924,14.98,10.01,0,0,0,0,0,0,0,0
2954,72.97,85,59.57,105.18,0,0,0,0,0,0
3019,454.95,249.38,0,0,0,0,0,0,0,0
3038,34,33.58,38.14,0,0,0,0,0,0,0
3039,439.95,430.14,553.61,663.9,378.34,253.14,0,0,0,0
3043,306.9,228.02,247.83,0,0,0,0,0,0,0
3059,38.97,34.49,0,0,0,0,0,0,0,0
3061,34,39.89,0,0,0,0,0,0,0,0
3077,34,0,0,0,0,0,0,0,0,0
3086,34.97,0,0,0,0,0,0,0,0,0
3090,160.97,144.51,189.51,0,0,0,0,0,0,0
3101,34,35.63,47.76,36.66,0,0,0,0,0,0
3105,154,172.28,200.3,0,0,0,0,0,0,0
3117,116,136.01,112.34,125.72,85.47,147.52,117.85,0,0,0
3121,49.95,84.48,77.28,55.83,57.96,0,0,0,0,0
3123,1063.82,1228.35,916.65,322.97,947.19,1345.51,0,0,0,0
3128,64,73.81,0,0,0,0,0,0,0,0
3135,14.98,12.27,22.89,12.12,0,0,0,0,0,0
3144,34,39.07,41.26,47.69,42.15,24.54,26.49,27.6,33.58,53.27
3147,44.95,36.09,29.1,60.45,69.35,0,0,0,0,0
3168,181,100.37,146.62,89.35,0,0,0,0,0,0
3179,102.97,0,0,0,0,0,0,0,0,0
3183,272.18,264.44,366.38,0,0,0,0,0,0,0
3185,156,228.8,143.37,212.67,197.42,0,0,0,0,0
3196,183.95,131.39,200.26,189.93,267.3,230.63,0,0,0,0
3197,2.47,2.57,2.4,0,0,0,0,0,0,0
3199,69.9,0,0,0,0,0,0,0,0,0
3202,9.98,9,6.14,10.13,0,0,0,0,0,0
3231,916.95,626.91,933.84,837.74,661.65,713.98,824.23,0,0,0
3233,43.97,48.88,41.81,36.45,67.57,32.39,40.31,7.75,0,0
3252,16.98,28.67,19.77,12.17,13.15,0,0,0,0,0
3254,67.95,82.51,81.59,75.02,52.79,0,0,0,0,0
3268,3135.92,3310.87,5456.27,0,0,0,0,0,0,0
3281,195.85,141.81,0,0,0,0,0,0,0,0
3283,59,53,55.65,40.29,47.45,48.59,70.19,0,0,0
3304,188,0,0,0,0,0,0,0,0,0
3306,39.95,0,0,0,0,0,0,0,0,0
3314,124.5,112.24,0,0,0,0,0,0,0,0
3319,372.85,483.54,0,0,0,0,0,0,0,0
3338,18,17.72,12.48,14.35,21.75,7.64,14.96,17.15,0,0
3345,490.75,395.58,0,0,0,0,0,0,0,0
3379,14.98,6.73,0,0,0,0,0,0,0,0
3381,715.49,393.44,415.41,660.61,534.32,824.84,602.69,497.63,1039.86,790.83
3385,97,60.34,149.76,73.59,98.2,0,0,0,0,0
3402,574.95,541.8,641.21,850.86,424.21,0,0,0,0,0
3411,123,86.92,0,0,0,0,0,0,0,0
3437,351,66.87,283.47,416.29,331.92,0,0,0,0,0
3457,148,122.15,158.22,96.3,110.82,171.71,143.93,141.74,172.3,181.84
3479,512.95,608.17,0,0,0,0,0,0,0,0
3484,36.97,36.07,25.29,37.95,0,0,0,0,0,0
3494,74.9,94.56,80.32,0,0,0,0,0,0,0
3498,200.98,129.99,159.44,0,0,0,0,0,0,0
3499,14,0,0,0,0,0,0,0,0,0
3500,49,0,0,0,0,0,0,0,0,0
3526,1428.95,1478.83,1998.84,1052.31,1541.69,748.9,1662.94,0,0,0
3542,9,6.66,15.12,14.1,8.68,6.75,0,0,0,0
3543,1159.45,1284.4,0,0,0,0,0,0,0,0
3546,48,52.42,35.93,22.99,65.76,51.16,34.12,65.82,25.34,42.6
3552,58.97,53.81,66.19,49.66,66.62,36.81,63.26,55.08,32.19,75.7
3591,14.98,13.26,16.67,13.92,11.05,9.62,11.72,20.05,9.01,9.25
3625,99,106.56,0,0,0,0,0,0,0,0
3632,9,11.11,6.56,12.86,7.32,11.48,8.93,9.57,9.48,0
3637,73,0,0,0,0,0,0,0,0,0
3643,128,104.45,105.08,161.42,132.64,0,0,0,0,0
3650,44,30.79,41.82,46.92,42.23,24.99,40.53,36.04,34.47,29.54
3652,28,26.12,27.78,23.9,24.34,0,0,0,0,0
3661,127,0,0,0,0,0,0,0,0,0
3663,88,96.07,0,0,0,0,0,0,0,0
3669,48,84.82,36.43,76.59,58.06,0,0,0,0,0
3673,23,21.04,25.61,31.36,23.46,18.15,20.64,29.41,0,0
3675,310.95,325.14,255.15,363.82,372.91,334.1,270.11,0,0,0
3677,102,66.92,0,0,0,0,0,0,0,0
3678,30,34.76,21.93,23.75,0,0,0,0,0,0
3727,28.9,32.49,0,0,0,0,0,0,0,0
3738,14,6.71,9.79,14,17.24,7.95,4.49,0,0,0
3740,14,14.84,0,0,0,0,0,0,0,0
3743,54,54.34,0,0,0,0,0,0,0,0
3745,159,0,0,0,0,0,0,0,0,0
3751,181,148.85,139.43,105.89,165.28,158.23,203.94,246.02,0,0
3763,7.98,0,0,0,0,0,0,0,0,0
3771,29.95,14.83,15.59,0,0,0,0,0,0,0
3786,74.93,82.61,36.57,79.64,0,0,0,0,0,0
3787,49,0,0,0,0,0,0,0,0,0
3789,34.97,35.22,41.46,25.62,27.77,17.69,38.14,34.11,0,0
3790,64,72.57,34.75,79.12,50.75,68.92,61.93,74.88,32.98,0
3803,64.97,65.8,79.87,100.36,80.85,68.87,65.15,38.55,62.15,71.55
3817,1481,1166.78,1378.88,1694.24,1109.38,0,0,0,0,0
3818,19,29.03,16.54,0,0,0,0,0,0,0
3822,52.97,47.98,85.99,0,0,0,0,0,0,0
3823,64.85,79.83,61.81,36.5,68.96,0,0,0,0,0
3839,84.88,74.26,0,0,0,0,0,0,0,0
3853,79.88,60.65,66.29,0,0,0,0,0,0,0
3855,327.97,0,0,0,0,0,0,0,0,0
3875,1249.63,1298.78,0,0,0,0,0,0,0,0
3933,49,52.15,39.55,38,27.09,66.01,50.5,0,0,0
3942,145,92.36,200.8,110.65,183.16,76.87,129.11,0,0,0
3949,48.97,23.24,43.57,54.48,60.7,59.84,33.34,0,0,0
3950,48.98,74.55,41.9,56.1,53.49,68.7,45.14,32.69,59.61,40.08
3952,121.98,0,0,0,0,0,0,0,0,0
3973,24,19.93,21.48,0,0,0,0,0,0,0
3978,325,384.2,266.67,286.75,341.33,0,0,0,0,0
3979,14,0,0,0,0,0,0,0,0,0
3996,34,36.37,42.37,36.79,0,0,0,0,0,0
4019,39.95,48.63,52.62,35.31,0,0,0,0,0,0
4034,912.95,765.56,1013.1,773.83,0,0,0,0,0,0
4051,94.71,93.58,128.5,95.72,91.43,105.8,0,0,0,0
4072,34,39.68,0,0,0,0,0,0,0,0
4077,260.87,430.87,317.48,0,0,0,0,0,0,0
4082,14.98,15.65,20.49,18.59,18.83,18.33,14.12,18.09,11.54,19.81
4092,82,47.65,80.27,70.71,0,0,0,0,0,0
4113,121.97,115.96,103.29,91.31,142.78,195.14,0,0,0,0
4129,286,354.31,293.09,365.98,0,0,0,0,0,0
4137,84,0,0,0,0,0,0,0,0,0
4139,284,227.15,208.29,266.96,0,0,0,0,0,0
4156,84,109.57,59.02,74.25,108.85,79.01,0,0,0,0
4179,14.98,19.25,15.73,0,0,0,0,0,0,0
4185,14.98,13.92,8.76,13.25,18.97,13.77,15.46,6.63,0,0
4188,9.95,10.86,6.4,6.93,16.62,0,0,0,0,0
4189,38,0,0,0,0,0,0,0,0,0
4207,14.98,13.09,15.31,0,0,0,0,0,0,0
4216,77.97,0,0,0,0,0,0,0,0,0
4239,267.95,253.61,282.98,83.25,251.01,227.27,346.36,0,0,0
4249,206.95,235.91,322.4,264.33,191.93,163.06,281.68,234.37,187.52,0
4289,277.88,254.05,197.87,146.4,0,0,0,0,0,0
4290,164.93,161.36,199.65,196.96,189.44,206.22,0,0,0,0
4293,573.97,615.79,535.2,605.84,829.83,686.99,983.5,545.76,658.22,762.77
4303,151.48,59.73,188.7,0,0,0,0,0,0,0
4305,48.95,24.73,28.31,54.36,36.05,33.66,66.2,40.73,45.3,52.38
4307,102.95,153.68,128.47,0,0,0,0,0,0,0
4325,73,60.01,71.32,56.17,103.26,0,0,0,0,0
4333,44,0,0,0,0,0,0,0,0,0
4335,41,58.35,32.06,0,0,0,0,0,0,0
4341,136,200.62,169.91,55.32,0,0,0,0,0,0
4396,14.98,13.43,17.08,12.13,12.99,16.75,4.51,22.32,14.93,16.19
4411,214,257.36,248.24,190.85,200.24,0,0,0,0,0
4414,926.97,1168.24,1220.28,780.88,1429.08,1125.02,919.23,1029.63,914.84,706.11
4421,28.98,34.97,42.24,0,0,0,0,0,0,0
4435,39,29.45,40.12,54.85,26.07,37.81,40.22,35.61,56.19,23.71
4451,83.95,73.33,0,0,0,0,0,0,0,0
4459,88,79.37,114.16,98.45,100.23,0,0,0,0,0
4462,245,269.75,260.61,0,0,0,0,0,0,0
4463,140.95,153.72,0,0,0,0,0,0,0,0
4471,24.98,25.5,0,0,0,0,0,0,0,0
4480,534.9,536.8,737.04,497.22,407.88,0,0,0,0,0
4485,546.28,499.36,205.91,459.32,434.09,0,0,0,0,0
4490,34,34.55,48.17,37.69,10.29,40.35,0,0,0,0
4504,320.98,348.04,366.56,400.76,158.72,294.19,334.12,275.56,234.17,260.95
4508,312.68,0,0,0,0,0,0,0,0,0
4510,63,63.33,0,0,0,0,0,0,0,0
4514,21,26.11,32.55,28.38,20.79,20.06,26.17,10.09,0,0
4529,19,17.17,26.77,21.24,20.65,28.3,16.18,25.93,0,0
4531,28.98,31.95,27.92,22.61,31.2,39.26,20.85,40.34,39.51,34.22
4535,10.38,0,0,0,0,0,0,0,0,0
4536,413.98,423.87,326.9,477.81,366.38,0,0,0,0,0
4539,1285.97,1924.74,938.92,870.2,0,0,0,0,0,0
4541,38.97,0,0,0,0,0,0,0,0,0
4545,44.92,37.26,45.93,39.7,48.88,11.65,58.19,27.92,54.31,55.18
4554,88,0,0,0,0,0,0,0,0,0
4561,108,0,0,0,0,0,0,0,0,0
4563,136,78.56,167.22,147.55,0,0,0,0,0,0
4568,85.95,69.07,0,0,0,0,0,0,0,0
4571,167,87.53,173.77,218.9,152.9,165.56,212.88,0,0,0
4594,4.97,7.35,0,0,0,0,0,0,0,0
4599,19,13.59,20.17,2.56,32.34,0,0,0,0,0
4616,78.95,57.18,120.25,57.98,123.86,95,46.23,124.86,0,0
4634,73,43.64,67.17,0,0,0,0,0,0,0
4637,14.98,11.46,0,0,0,0,0,0,0,0
4641,9,9.89,6.58,11.03,6.47,8.12,7.8,9.99,10.88,7.74
4645,49.95,50.44,27.39,57.25,35.76,83.94,74.15,57.83,0,0
4656,14,0,0,0,0,0,0,0,0,0
4688,1114.63,1106.46,1188.85,938.82,1196,1145.48,1264.86,1554.6,1103.17,758.65
4693,108.95,150.94,0,0,0,0,0,0,0,0
4694,19.98,0,0,0,0,0,0,0,0,0
4700,69,94.78,22.65,0,0,0,0,0,0,0
4702,43.97,39.26,64.18,70.16,0,0,0,0,0,0
4707,4.97,0,0,0,0,0,0,0,0,0
4734,151.95,201.98,200.5,0,0,0,0,0,0,0
4735,101.97,102.65,130.51,125.05,128.21,97.47,0,0,0,0
4743,84,74.03,77.12,103.29,71.27,109.6,72.18,83.11,96.99,112.11
4783,19.98,0,0,0,0,0,0,0,0,0
4789,132.97,0,0,0,0,0,0,0,0,0
4794,34,54.13,0,0,0,0,0,0,0,0
4805,39.85,43.64,56.15,44.3,0,0,0,0,0,0
4806,19,13.12,0,0,0,0,0,0,0,0
4808,131,72.16,144.98,153.6,0,0,0,0,0,0
4813,53,73.4,83.57,59.57,0,0,0,0,0,0
4816,19,26.12,18.64,0,0,0,0,0,0,0
4856,156,0,0,0,0,0,0,0,0,0
4863,19,21.82,21.25,21.43,22.5,0,0,0,0,0
4865,44,59.83,54.73,32.41,0,0,0,0,0,0
4867,160,227.65,221.33,235.32,191.56,206.54,0,0,0,0
4878,358.8,371.29,250.66,322.99,0,0,0,0,0,0
4879,189,188.32,175.76,199.9,216.52,199.08,205.25,180.2,149.25,250.15
4887,4.97,1.77,3.97,0,0,0,0,0,0,0
4888,67.98,53.05,70.53,87.5,0,0,0,0,0,0
4895,64,83.31,88.93,53.74,90.21,71.74,0,0,0,0
4903,47.97,40.86,8.56,77.75,18.35,31.6,47,0,0,0
4911,24,0,0,0,0,0,0,0,0,0
4915,29,28.91,28.59,0,0,0,0,0,0,0
4926,68,52.73,66.66,53.71,63.27,43.11,88.74,112.2,55.79,0
4934,39,26.94,50.79,22.18,0,0,0,0,0,0
4940,681,403.98,790.91,670.01,786.61,659.22,395.04,749.87,601.56,526.49
4968,14.98,13.26,20.14,14.37,11.95,0,0,0,0,0
4977,180,0,0,0,0,0,0,0,0,0
4997,92,89.13,34.64,142.99,85.23,106.33,89.12,0,0,0
5002,1209.53,1494.91,1478.4,1272.32,1549.99,0,0,0,0,0
5007,91.66,123.92,92.9,117.74,0,0,0,0,0,0
5015,49,31.5,89.06,35.98,49.62,48.59,0,0,0,0
5031,200,165.84,271.81,211.36,0,0,0,0,0,0
5043,83,102.02,97.27,114,92.16,91.39,0,0,0,0
5055,9.98,6.15,14.26,6.29,6.07,9.83,13.88,0,0,0
5059,14,9.25,7.03,9.13,15,0,0,0,0,0
5063,9.98,9.84,0,0,0,0,0,0,0,0
5084,54.03,63.85,0,0,0,0,0,0,0,0
5102,34,0,0,0,0,0,0,0,0,0
5105,54,75.89,0,0,0,0,0,0,0,0
5140,23.95,0,0,0,0,0,0,0,0,0
5150,57.97,88.79,0,0,0,0,0,0,0,0
5151,11.98,0,0,0,0,0,0,0,0,0
5160,178.93,0,0,0,0,0,0,0,0,0
5165,166.93,108.5,0,0,0,0,0,0,0,0
5175,166,198.07,188.12,134.06,200.43,142.96,0,0,0,0
5180,107.97,106.36,0,0,0,0,0,0,0,0
5185,158.45,187.73,127.04,257.38,152.35,166.33,72.59,138.01,0,0
5222,279,378.34,205.79,161.86,96.36,498.65,145.22,347.68,248.51,260.63
5227,64,61.02,38.86,57.31,85.93,0,0,0,0,0
5242,123,191.32,0,0,0,0,0,0,0,0
5243,451.1,482.81,506.89,365.05,0,0,0,0,0,0
5251,54.95,58.87,47.27,0,0,0,0,0,0,0
5253,18,21.47,18.57,15.92,13.45,30.3,15.2,20.92,20.47,11.12
5259,109.85,78.77,162.39,0,0,0,0,0,0,0
5270,76.97,62.26,0,0,0,0,0,0,0,0
5278,496,533.63,0,0,0,0,0,0,0,0
5298,24.95,30.63,11.28,28.39,0,0,0,0,0,0
5310,39.92,59.64,28.42,0,0,0,0,0,0,0
5320,78,66.75,0,0,0,0,0,0,0,0
5331,34,41.62,41.05,38.76,43.9,52.07,0,0,0,0
5333,19,21.89,0,0,0,0,0,0,0,0
5341,1081.9,1589.67,0,0,0,0,0,0,0,0
5344,78,0,0,0,0,0,0,0,0,0
5357,38.4,26.46,30.84,63.21,28.38,35.12,42.87,45.73,0,0
5361,253.9,329.17,170.8,277.56,0,0,0,0,0,0
5363,29,31.69,35.62,0,0,0,0,0,0,0
5367,29,37.61,23.25,28.31,27.85,19.38,15.74,44.06,32.11,16.55
5376,24.98,0,0,0,0,0,0,0,0,0
5378,128.98,114.1,165.21,79.7,93.73,0,0,0,0,0
5385,9,8.28,12.22,11.52,0,0,0,0,0,0
5417,93,154.54,44.84,74.29,0,0,0,0,0,0
5418,77,121.38,110.25,52.66,69.77,0,0,0,0,0
5424,37,31.61,40.28,39.16,35.09,38.65,39.11,46.24,53.31,53.61
5428,37.78,28.17,0,0,0,0,0,0,0,0
5433,14.98,14.34,19.04,18.62,15.47,18.53,15.87,23.13,19.3,15.5
5439,174.98,0,0,0,0,0,0,0,0,0
5459,14,19.13,12.88,22.07,8.94,18.1,17.72,13.08,0,0
5488,82.97,39.82,0,0,0,0,0,0,0,0
5509,39,0,0,0,0,0,0,0,0,0
5513,34.92,26.85,26.78,0,0,0,0,0,0,0
5520,19,20.29,15.8,12.49,14.3,0,0,0,0,0
5527,44,45.97,51.69,50.65,26.85,26.13,32.78,72.42,51.26,46.11
5534,29.95,50.44,0,0,0,0,0,0,0,0
5547,78,54.64,60.28,72.37,0,0,0,0,0,0
5550,39,55.5,43.8,46.94,30.94,39.64,22.53,40.42,43.41,29.77
5557,122.98,189.38,0,0,0,0,0,0,0,0
5565,204.98,375.3,184.29,175.39,0,0,0,0,0,0
5582,19,0,0,0,0,0,0,0,0,0
5587,49,91.71,66.67,14.65,0,0,0,0,0,0
5598,39,68.28,39.39,61.46,32.07,0,0,0,0,0
5600,24.98,32.48,29.53,20.08,27.47,23.72,22.56,0,0,0
5606,63,64.34,61.74,85.16,0,0,0,0,0,0
5625,69,41.03,19.48,47.83,87.57,54.54,0,0,0,0
5632,54.95,52.99,59.94,35.98,0,0,0,0,0,0
5652,19,18.86,0,0,0,0,0,0,0,0
5679,33.97,36.78,26.27,50.04,0,0,0,0,0,0
5682,84.97,89.03,108.53,88.45,70.15,77.55,0,0,0,0
5683,117,115.94,95.78,160.81,139.41,151.79,133.37,102.8,36.04,99.66
5702,18.98,12.02,15.16,21.66,14.7,19.03,24.77,27.07,14.58,22.6
5707,19.98,32.74,1.87,14.66,19.41,0,0,0,0,0
5723,120,129.42,90.45,0,0,0,0,0,0,0
5726,64,102.1,84.03,73.84,47.46,16,94.83,0,0,0
5733,39.95,52.39,0,0,0,0,0,0,0,0
5737,48,57.49,35.63,36.61,72.17,58.7,40.76,57.53,33.38,54.35
5770,63.97,48.8,0,0,0,0,0,0,0,0
5782,58,68.96,43.6,0,0,0,0,0,0,0
5787,190.95,168.4,203.88,169.29,103.74,0,0,0,0,0
5800,73,60.19,97.49,89.06,79.97,60.49,0,0,0,0
5804,34.97,27.62,17.43,0,0,0,0,0,0,0
5806,24,27.3,19.43,36.88,19.65,31.41,39.32,15.99,21.45,32.48
5813,14.98,16.49,14.88,0,0,0,0,0,0,0
5820,74,67.68,73.54,0,0,0,0,0,0,0
5835,73.95,105.03,53.72,91.96,103.55,71.28,103.19,48.36,92.71,0
5836,58.95,0,0,0,0,0,0,0,0,0
5837,39.5,0,0,0,0,0,0,0,0,0
5881,68.97,0,0,0,0,0,0,0,0,0
5886,433,507.72,0,0,0,0,0,0,0,0
5918,133.82,229.61,191.31,0,0,0,0,0,0,0
5932,59.68,65.33,0,0,0,0,0,0,0,0
5934,11.98,16.27,12.34,12.56,13.44,0,0,0,0,0
5949,14.98,0,0,0,0,0,0,0,0,0
5954,14.98,15.75,20.55,12.5,14.2,17.87,7.55,9.3,0,0
5961,7.48,0,0,0,0,0,0,0,0,0
6013,46,70.99,0,0,0,0,0,0,0,0
6029,281,0,0,0,0,0,0,0,0,0
6032,1003.95,584.96,0,0,0,0,0,0,0,0
6035,195,128.75,192.92,120.76,117.44,174.17,246.4,232.95,143.17,203.55
6063,34,43.35,28.62,14.17,25.14,50.91,41.96,46.37,29.44,0
6066,82.95,111.51,0,0,0,0,0,0,0,0
6087,24.98,0,0,0,0,0,0,0,0,0
6089,219.98,226.13,0,0,0,0,0,0,0,0
6107,117.97,49.1,144.18,134.61,171.57,64.96,70.22,113.11,111.47,60.28
6127,48.95,44.39,0,0,0,0,0,0,0,0
6128,273.98,354.93,188.09,217.38,281.72,317.11,0,0,0,0
6132,14.98,8.18,20.45,0,0,0,0,0,0,0
6134,14.98,15.82,16.93,24.45,0,0,0,0,0,0
6138,69,76.73,0,0,0,0,0,0,0,0
6141,49.95,37.42,55.86,58.02,43.3,0,0,0,0,0
6153,24.98,0,0,0,0,0,0,0,0,0
6158,170.97,125.59,188.4,128.08,158.82,211.82,80.24,165.32,0,0
6159,181.88,212.4,0,0,0,0,0,0,0,0
6162,180.95,117,190.47,228.04,188.84,245.31,0,0,0,0
6168,28,0,0,0,0,0,0,0,0,0
6172,205.98,217.92,0,0,0,0,0,0,0,0
6202,78.93,50.07,96.26,100.39,116.53,0,0,0,0,0
6211,34,20.45,38.01,12.84,49.26,25.35,37.62,31.5,39.74,35.69
6213,44,38.38,39.44,52.86,48.51,21.17,25.06,65,45.53,57.92
6221,24.98,14.47,14.36,18.18,26.18,18.59,28.87,40.9,22.81,0
6228,860,785.85,812.83,1076.19,674.55,899.62,1169.22,1129.89,1209.28,0
6230,9,13.6,12.29,12.07,6.84,5.23,0,0,0,0
6242,24.98,35.26,31.22,26.57,0,0,0,0,0,0
6246,53,56.06,54.48,0,0,0,0,0,0,0
6248,83,83.98,67.16,35.52,79.22,93.06,0,0,0,0
6254,310.57,327.34,194.85,428.98,0,0,0,0,0,0
6258,129.88,0,0,0,0,0,0,0,0,0
6278,256,205.72,240.47,255.82,265.28,129.82,391.54,0,0,0
6299,83,71.43,66.92,0,0,0,0,0,0,0
6337,530.03,750.04,458.14,522.27,128.82,313.42,771.92,543.64,482.51,511.1
6344,48.5,64.11,76.6,34.49,71.68,34.38,30.9,0,0,0
6356,14.98,16.32,5.91,18.18,15.87,18.46,15.66,0,0,0
6408,14.98,12.18,12.55,13.54,15.82,14.27,15.73,19.16,6.47,6.64
6426,181.88,135.23,104.61,0,0,0,0,0,0,0
6430,132,181.44,113.19,137.24,109.66,144.15,144.72,181.79,0,0
6432,192,180.12,215.92,205.42,239.47,180.44,196.25,137.87,206.92,287.72
6435,209.98,204.35,312.3,216.59,251.37,327.13,231.58,0,0,0
6444,363.79,0,0,0,0,0,0,0,0,0
6450,157.97,126.28,0,0,0,0,0,0,0,0
6472,78,86.31,65.95,0,0,0,0,0,0,0
6487,83,87.42,0,0,0,0,0,0,0,0
6491,4.97,2.9,2.31,3.49,0,0,0,0,0,0
6502,44,53.72,37.11,28.65,59.9,41.25,66.31,45.27,27.31,52.55
6506,160,137.94,133.77,146.88,0,0,0,0,0,0
6511,769.25,745.97,924.56,497.43,533.33,699.18,351.58,0,0,0
6514,39.85,40,34.06,56.28,0,0,0,0,0,0
6548,35.03,30.92,35.84,35.5,0,0,0,0,0,0
6560,185.88,158.24,189.67,244.08,0,0,0,0,0,0
6568,145,137.62,103.37,0,0,0,0,0,0,0
6584,124,152.86,0,0,0,0,0,0,0,0
6585,114.02,168.98,84.5,108.59,102.27,103.83,118.05,65.65,142.27,0
6614,9,9.08,8.75,7.97,0,0,0,0,0,0
6628,39,51.53,46.29,39.78,38.09,50.59,32.04,0,0,0
6631,24.95,14.85,0,0,0,0,0,0,0,0
6658,84,111.56,0,0,0,0,0,0,0,0
6665,19,22.59,0,0,0,0,0,0,0,0
6667,89.85,95.82,64.27,107.45,0,0,0,0,0,0
6671,237.9,0,0,0,0,0,0,0,0,0
6672,9.98,9.02,0,0,0,0,0,0,0,0
6697,49,80.32,46.48,48.87,48.09,57.16,47.71,60.29,0,0
6701,176,121.32,208.53,162.13,0,0,0,0,0,0
6721,63,93.71,0,0,0,0,0,0,0,0
6723,48,66.49,39.74,71.8,56.09,0,0,0,0,0
6737,38.97,39.46,29.3,41.37,50.56,13.82,39.67,31.72,38.44,39.79
6739,1051.93,1209.54,1079.18,0,0,0,0,0,0,0
6741,50.2,51.87,39.15,67.96,62.31,40.01,66.62,97.52,32.94,20.41
6759,428,370.15,520.48,540.83,346.6,363.95,393.39,328.07,0,0
6770,58.97,63.83,53.96,73.24,81.8,88.34,72.5,0,0,0
6771,36,41.65,24.87,10.56,26.46,46.4,36.89,46.59,35.87,19.52
6774,148,178.08,92.39,0,0,0,0,0,0,0
6777,1704.68,1959.2,0,0,0,0,0,0,0,0
6781,102.95,100.18,106.25,76.57,115.96,0,0,0,0,0
6789,53.97,11.9,0,0,0,0,0,0,0,0
6795,14,0,0,0,0,0,0,0,0,0
6804,48,45.87,34.55,0,0,0,0,0,0,0
6809,34,49.49,16.93,25.33,25.63,0,0,0,0,0
6817,283.98,0,0,0,0,0,0,0,0,0
6834,239.98,313.18,303.66,251.04,246.7,233.4,276.29,235.05,214.42,187.4
6842,159.75,0,0,0,0,0,0,0,0,0
6852,24.98,22.02,23.04,20.98,34.23,14.31,21.02,35.69,19.07,0
6860,14,8.23,13.96,0,0,0,0,0,0,0
6862,299.88,288.09,318.22,232.01,222.74,69.64,0,0,0,0
6874,141,166.56,210.5,118.37,0,0,0,0,0,0
6878,39.92,34.44,41.88,25.24,32.2,29.33,38,40.76,46.11,45.4
6889,46,39.12,56.09,66.41,48.99,50.8,53.84,61.64,0,0
6903,74.9,96.9,51.32,103.03,93.32,0,0,0,0,0
6904,149,87.24,211.87,90.24,89.72,211.52,172.19,205.34,161.18,120.15
6906,99.97,57.39,46.87,89.95,106.62,154.69,107.61,134.96,124.65,138.25
6907,41.95,46.44,0,0,0,0,0,0,0,0
6916,14.98,8.96,15.03,19.98,13.35,20.19,11.83,21.32,6.23,18.34
6922,245,243.05,273.58,171.81,349.2,233.63,203.31,0,0,0
6932,188,193.09,135.18,243.76,210.62,248.17,240.4,136.23,182.33,125.33
6950,19,19.53,16.3,18.69,9.35,13.69,12.13,18.67,0,0
6958,941.95,816.42,518.52,963.79,0,0,0,0,0,0
6973,34.97,29.79,31.3,40.55,36.33,35.49,46.44,0,0,0
6982,49,50.32,48.24,67.18,75.91,61.81,61.73,55.41,45.25,27.16
6989,167,190.09,239.26,152.88,243.32,173.84,168.75,149.87,152.37,215.57
6999,54,60.66,0,0,0,0,0,0,0,0
7004,303.45,362.27,258.43,343.36,377.43,238.99,0,0,0,0
7008,491,623.21,364.17,0,0,0,0,0,0,0
7013,128.95,0,0,0,0,0,0,0,0,0
7037,84.97,67.67,68.79,0,0,0,0,0,0,0
7040,58,26.07,69.17,52.25,49.19,48.79,0,0,0,0
7042,156,0,0,0,0,0,0,0,0,0
7050,19.98,0,0,0,0,0,0,0,0,0
7053,30,40.9,0,0,0,0,0,0,0,0
7097,54,68.32,77.04,60.76,35.96,55.62,52.73,0,0,0
7098,24.98,22.24,22.01,19.85,23.66,0,0,0,0,0
7133,122.95,136.6,99.93,104.39,55.62,74.88,0,0,0,0
7136,193,302.42,0,0,0,0,0,0,0,0
7141,78,78.28,52.31,80.02,109.36,93.65,62.71,64.06,93.9,0
7173,151.88,150.72,191.14,161.61,197.94,108.85,137.16,0,0,0
7199,34,35.74,30.76,0,0,0,0,0,0,0
7207,53,72.93,54.83,69.66,71.04,45.78,72.81,34.98,53.93,26.06
7211,34,0,0,0,0,0,0,0,0,0
7216,49,64.04,31.19,47.36,17.5,67.07,45.53,24.3,42.31,55.39
7220,87,92.87,95.34,52.43,69.02,0,0,0,0,0
7225,64,83.45,75.39,52.98,64.72,66.97,89.45,37.57,55.85,73.63
7262,33.15,8.59,45.57,0,0,0,0,0,0,0
7284,113.95,0,0,0,0,0,0,0,0,0
7306,33,0,0,0,0,0,0,0,0,0
7310,35,45.16,37.8,46.86,25.25,38.58,0,0,0,0
7314,86.97,100.16,0,0,0,0,0,0,0,0
7316,14,15,16.81,17.62,14.61,0,0,0,0,0
7319,53.95,44.38,44.23,0,0,0,0,0,0,0
7330,9.98,13.09,10.64,10.57,9.23,9.32,0,0,0,0
7338,26.4,0,0,0,0,0,0,0,0,0
7342,180,156.95,81,122.36,269.51,221.56,169.09,0,0,0
7345,84,74.48,75.58,0,0,0,0,0,0,0
7359,105.6,68.79,100.94,0,0,0,0,0,0,0
7400,82,95.45,0,0,0,0,0,0,0,0
7404,117,65.34,0,0,0,0,0,0,0,0
7408,94,74.42,27.13,0,0,0,0,0,0,0
7413,24,29.92,33.23,25.11,16.29,28.2,20.33,26.41,27.06,21.16
7416,34.97,24.97,41.81,30.67,30.08,0,0,0,0,0
7417,9,11.49,11.99,.64,5.12,0,0,0,0,0
7418,14,11.71,0,0,0,0,0,0,0,0
7422,275.92,0,0,0,0,0,0,0,0,0
7425,96.97,105.7,92.95,117.42,109.22,0,0,0,0,0
7504,14.98,6.5,8.09,0,0,0,0,0,0,0
7531,78.97,76.82,73.96,117.86,48.88,90.56,0,0,0,0
7533,59,34.88,44.55,0,0,0,0,0,0,0
7539,107.97,31.73,126.82,153.59,105.89,102,117.54,131.03,0,0
7558,39,31.27,38.57,40.48,41.94,41.57,34.92,43.96,31.42,48.55
7561,374.61,365.2,488.36,391.92,460.07,312.12,365.4,411.5,335.05,264.09
7566,34,0,0,0,0,0,0,0,0,0
7579,24,23.72,30.46,31.02,0,0,0,0,0,0
7584,199.95,204.84,321.23,0,0,0,0,0,0,0
7586,29,20.65,27.34,21.05,30.93,0,0,0,0,0
7590,68,43.43,58.03,0,0,0,0,0,0,0
7610,39,28.7,0,0,0,0,0,0,0,0
7611,84,0,0,0,0,0,0,0,0,0
7612,49,37.39,71.6,85.66,0,0,0,0,0,0
7616,363,0,0,0,0,0,0,0,0,0
7627,44.97,47.77,64.65,44.38,24.61,0,0,0,0,0
7631,19.98,16.11,15.35,16.4,12.26,25.2,33.27,28.33,13.46,19.55
7635,19.98,30.06,24.92,0,0,0,0,0,0,0
7644,34,40.88,38.58,33.01,22.98,42.1,0,0,0,0
7665,11.98,10.98,0,0,0,0,0,0,0,0
7682,73,0,0,0,0,0,0,0,0,0
7700,151.98,0,0,0,0,0,0,0,0,0
7711,93,52.1,93.87,55.8,0,0,0,0,0,0
7714,135.07,182.13,102.07,159.1,82.31,0,0,0,0,0
7722,19,15.27,19.85,14.27,23.77,13.79,20.25,0,0,0
7729,380.95,454.23,262.02,483.55,195.94,358.44,389.63,384.13,403.93,0
7761,108,101.6,119.74,95.16,154.86,57.23,57.87,171.88,100.63,34.72
7765,68.9,17.33,90.84,66.8,86.46,0,0,0,0,0
7769,9.98,7.57,9.89,8.26,9.93,10.63,13.57,10.89,11.07,7.27
7774,38,49.35,48.78,28.69,52.73,44.46,35.49,29.69,33.16,76.04
7783,63,0,0,0,0,0,0,0,0,0
7802,64,54.23,0,0,0,0,0,0,0,0
7809,38,47.52,50.03,47.91,33.69,49.27,51.21,43.59,42.24,16.53
7827,83,42.96,88.28,89.04,98.95,97.73,49.35,76.02,101.79,111.07
7857,9.98,10.13,12.42,12.71,9.67,13.09,8.15,9.86,6.14,8.21
7865,53.97,69.96,39.17,0,0,0,0,0,0,0
7877,44.95,76.13,0,0,0,0,0,0,0,0
7878,145.98,0,0,0,0,0,0,0,0,0
7884,199.65,261.01,264.07,0,0,0,0,0,0,0
7885,113,87.86,93.12,145.36,122.75,116.23,92.55,110.82,154.31,104.65
7912,33,42.18,32.71,28.95,40.43,28.08,26.28,24.85,36.83,25.18
7930,78,59.24,80.52,57.13,101.57,76.36,125.8,101.24,0,0
7934,14.98,.64,16.7,16.04,11.14,15.72,0,0,0,0
7935,24.98,0,0,0,0,0,0,0,0,0
7940,44,39.35,42.8,0,0,0,0,0,0,0
7960,9.98,10.77,0,0,0,0,0,0,0,0
7965,118,73.39,152.28,169.41,83.69,179.84,0,0,0,0
8008,64,46.62,61.75,0,0,0,0,0,0,0
8010,137,135.38,126.31,0,0,0,0,0,0,0
8034,14,13.48,16.68,0,0,0,0,0,0,0
8058,40.17,0,0,0,0,0,0,0,0,0
8060,295.98,254.65,315.96,202.41,277.02,281.35,0,0,0,0
8067,23,9.88,0,0,0,0,0,0,0,0
8073,88,0,0,0,0,0,0,0,0,0
8085,221.43,288.81,302.48,140.51,260.92,331.29,0,0,0,0
8104,44.95,59.89,25.32,43.67,66.7,53.6,58.06,45.16,69.36,0
8105,270.83,381,216.72,0,0,0,0,0,0,0
8125,12,18.94,12.52,14.75,12.5,13.08,14.52,7.92,10.22,14.99
8142,79.97,86.03,85.8,0,0,0,0,0,0,0
8169,12,14.57,20.19,0,0,0,0,0,0,0
8183,49,67.97,55.07,43.12,42.56,46.59,58.62,68.58,56.52,43.53
8205,24,27.35,0,0,0,0,0,0,0,0
8214,14,10.24,22.18,12.03,0,0,0,0,0,0
8227,55.95,86.81,47.82,62.88,0,0,0,0,0,0
8253,131,160.18,0,0,0,0,0,0,0,0
8264,93,67.12,88.45,125.38,95.85,102.87,41.8,104.89,0,0
8279,322,218.08,298.43,304.17,214.01,186.86,0,0,0,0
8280,19,24.07,32.83,28.9,20.97,27.7,24.08,13.08,16.58,27.12
8281,65.39,77.22,82.45,48.36,93.55,62.76,78.09,83.4,45,62.11
8283,166.97,154.25,248.34,172.45,172.16,248.14,158.15,197.35,217.21,0
8293,361,311.67,0,0,0,0,0,0,0,0
8294,34.97,20.25,0,0,0,0,0,0,0,0
8295,107.9,146.86,155.34,41.03,49.47,90.49,89.09,0,0,0
8321,565.58,625.5,456.79,943.07,0,0,0,0,0,0
8329,24,23.22,0,0,0,0,0,0,0,0
8378,196,95.1,299.29,292.83,205.72,339.92,0,0,0,0
8380,73,108.71,105.26,87.86,0,0,0,0,0,0
8390,93.95,77.76,60.9,0,0,0,0,0,0,0
8391,120,65.02,87.53,54.58,93.22,111.55,0,0,0,0
8399,92.25,65.21,100.05,0,0,0,0,0,0,0
8422,1745.95,133.15,1412.96,1239.82,0,0,0,0,0,0
8433,19.98,20.44,0,0,0,0,0,0,0,0
8455,14.98,16.16,0,0,0,0,0,0,0,0
8469,19.95,30.24,21.62,0,0,0,0,0,0,0
8487,14,18.56,11.08,8.33,6.56,18.99,11.46,.44,5.24,0
8490,72.95,0,0,0,0,0,0,0,0,0
8495,325.97,248.96,0,0,0,0,0,0,0,0
8504,92,0,0,0,0,0,0,0,0,0
8507,32.96,40.95,25.15,27.54,23.39,38.8,39.4,30.29,36.51,29.53
8516,525.88,752.46,322.61,543.15,704.11,412.64,0,0,0,0
8518,83,93.14,84.87,0,0,0,0,0,0,0
8531,23.98,30.91,19.26,12.67,19.77,30.6,28.02,29.54,32.4,29.53
8537,191,184.64,269.19,99.69,197.76,174.72,309.82,180.83,0,0
8548,131.85,147.65,0,0,0,0,0,0,0,0
8569,50,32.33,74.78,0,0,0,0,0,0,0
8571,14.98,20.05,12,18.22,0,0,0,0,0,0
8572,98,129.93,76.38,110.26,105.87,0,0,0,0,0
8586,14,0,0,0,0,0,0,0,0,0
8604,29,33.42,28.4,0,0,0,0,0,0,0
8608,44,0,0,0,0,0,0,0,0,0
8611,102,123.21,76.76,0,0,0,0,0,0,0
8632,282.92,268.52,281.12,0,0,0,0,0,0,0
8633,66.63,0,0,0,0,0,0,0,0,0
8641,148,0,0,0,0,0,0,0,0,0
8657,84,0,0,0,0,0,0,0,0,0
8659,34,14.64,37.88,0,0,0,0,0,0,0
8669,19.95,23.46,6.6,32.43,16.91,11.01,19.83,15.95,24.99,28.26
8686,25.5,17.22,28.03,20.77,26.17,16.71,0,0,0,0
8692,48.97,0,0,0,0,0,0,0,0,0
8693,43,34.45,34.1,42.72,44.11,29.74,37.48,0,0,0
8707,4.97,4.02,5.66,5.88,2.54,5.2,3.55,0,0,0
8724,9.98,12.42,7.6,10.64,12.61,8,10.52,9.94,8.67,0
8728,58.97,78.53,72.7,89.08,33.3,46.44,73.67,0,0,0
8737,68.98,57.51,73.73,81.43,82.99,68.65,48.93,75.76,39.7,0
8742,19,14.81,0,0,0,0,0,0,0,0
8746,4.97,7.61,2.62,5.3,4.56,2.87,5.85,5.99,0,0
8748,39,49.65,38.94,52.05,0,0,0,0,0,0
8756,39,47.11,42.64,37.25,0,0,0,0,0,0
8761,78.35,0,0,0,0,0,0,0,0,0
8768,19.95,11.01,0,0,0,0,0,0,0,0
8769,54,0,0,0,0,0,0,0,0,0
8771,14.98,19.76,9.54,20.09,0,0,0,0,0,0
8782,59,0,0,0,0,0,0,0,0,0
8783,126,0,0,0,0,0,0,0,0,0
8788,57.97,46.64,65.3,98.32,40.43,0,0,0,0,0
8789,88,90.51,0,0,0,0,0,0,0,0
8818,78,0,0,0,0,0,0,0,0,0
8821,12,2.14,14.23,7.6,0,0,0,0,0,0
8824,64.97,29.03,77.59,53.1,102.41,73.23,83.62,0,0,0
8829,2605.95,3577.04,0,0,0,0,0,0,0,0
8850,49.92,68.17,0,0,0,0,0,0,0,0
8861,29,23.94,0,0,0,0,0,0,0,0
8870,73.97,67.83,42.72,74.35,61.63,41.68,83.21,78.31,82.59,100.87
8874,669.9,0,0,0,0,0,0,0,0,0
8900,229,148.83,398.32,253.28,0,0,0,0,0,0
8909,375.98,375.91,321.28,521.44,0,0,0,0,0,0
8922,83,0,0,0,0,0,0,0,0,0
8929,68,58.57,71.77,65.85,0,0,0,0,0,0
8955,14.98,9.27,17.03,16.65,23.53,13.33,0,0,0,0
8971,256,262,205.78,299.18,224.3,0,0,0,0,0
8972,102,135.5,0,0,0,0,0,0,0,0
8973,131,141.4,205.29,0,0,0,0,0,0,0
8977,525.88,0,0,0,0,0,0,0,0,0
8981,24,15.24,30.9,0,0,0,0,0,0,0
8985,58.5,88.95,0,0,0,0,0,0,0,0
9000,49.95,52.25,26.98,0,0,0,0,0,0,0
9008,72,0,0,0,0,0,0,0,0,0
9011,16,20.55,16.62,11.61,13.21,16.56,6.6,21.57,21.65,12.59
9015,24.98,0,0,0,0,0,0,0,0,0
9016,44,49.1,44.9,31.74,0,0,0,0,0,0
9024,78,66.05,83.63,84.7,0,0,0,0,0,0
9029,34,47.68,32.4,25.81,0,0,0,0,0,0
9055,39,0,0,0,0,0,0,0,0,0
9063,217,0,0,0,0,0,0,0,0,0
9066,29,32.2,0,0,0,0,0,0,0,0
9070,51,35.71,54.13,28.32,52.77,54.13,66.65,65.35,0,0
9072,34.97,0,0,0,0,0,0,0,0,0
9111,88.97,78.51,63.08,101.84,63.44,0,0,0,0,0
9114,39,27.1,33.18,29.59,47.32,31.67,28.93,41.03,13.21,0
9116,19,14.64,11.34,25.8,21.69,16.25,22.94,17.48,17.77,17.31
9121,52.97,46.57,57.14,56.52,0,0,0,0,0,0
9130,14,15.67,0,0,0,0,0,0,0,0
9167,34.92,29.77,0,0,0,0,0,0,0,0
9183,182.92,221.24,167.02,129.46,218.7,0,0,0,0,0
9197,14,0,0,0,0,0,0,0,0,0
9201,59,41.37,16.84,86.69,0,0,0,0,0,0
9218,12.6,0,0,0,0,0,0,0,0,0
9220,19,19.32,27.53,19.3,30.88,26.24,21.13,20.81,9.28,19.97
9225,24,0,0,0,0,0,0,0,0,0
9271,24,0,0,0,0,0,0,0,0,0
9281,172.95,0,0,0,0,0,0,0,0,0
9283,193.98,311.17,240.72,258.53,200.91,0,0,0,0,0
9289,79.93,0,0,0,0,0,0,0,0,0
9294,39,43.69,36.01,23.94,0,0,0,0,0,0
9297,87.98,65.49,82.75,67.61,143.09,0,0,0,0,0
9303,77.95,113.28,97.5,64.36,102.05,79.78,58.57,56.71,54.29,0
9318,44.97,41.78,49.63,38.24,41.05,42.44,39.69,57.49,35.24,27.6
9332,105.97,0,0,0,0,0,0,0,0,0
9333,14,12.17,15.42,14.98,9.66,14.45,16.81,0,0,0
9334,207.95,260.19,262.61,178.5,227.97,191.71,129.95,263.95,117.89,322.42
9365,14.98,16.99,0,0,0,0,0,0,0,0
9368,48.97,65.95,61.91,44.4,53.71,61.42,46.02,0,0,0
9382,146,67.22,139.81,0,0,0,0,0,0,0
9383,127,139.82,164.17,159.54,82.84,147.78,196.96,0,0,0
9414,24,0,0,0,0,0,0,0,0,0
9415,297,162.35,287.03,469.09,0,0,0,0,0,0
9434,100,74.8,118.2,78.41,106.94,109.53,121.57,60.78,124.93,137.35
9452,98.5,46.75,133.52,83.77,0,0,0,0,0,0
9460,61.38,57.96,54.54,45.51,24.08,37.97,0,0,0,0
9486,19.95,0,0,0,0,0,0,0,0,0
9496,29,24.41,35.91,16.49,23.47,0,0,0,0,0
9503,44.97,51.48,41.54,44.44,24.56,49.21,52.49,45.14,45.88,0
9520,49,52.85,70.2,60.29,74.58,57.34,54.95,61.59,53.93,37.69
9532,24.98,27.91,0,0,0,0,0,0,0,0
9542,515.33,475.7,0,0,0,0,0,0,0,0
9569,24.98,0,0,0,0,0,0,0,0,0
9570,34.97,35.63,25.04,26.04,44.89,13.01,0,0,0,0
9574,19,0,0,0,0,0,0,0,0,0
9593,28,29.59,18.69,13.96,42.12,36.2,18.58,31.37,31.51,31.09
9594,39.95,63.54,0,0,0,0,0,0,0,0
9609,136.95,133.15,0,0,0,0,0,0,0,0
9610,145.95,0,0,0,0,0,0,0,0,0
9624,29,0,0,0,0,0,0,0,0,0
9633,59.95,52.89,22.39,0,0,0,0,0,0,0
9671,19.95,24.39,21.46,0,0,0,0,0,0,0
9679,24.98,27.08,12.21,29.32,0,0,0,0,0,0
9686,510,591.26,553.27,579.07,501.52,623.18,208.63,612.75,468.28,593.82
9695,108,102.55,132.34,57.67,75.2,102.65,0,0,0,0
9712,165.95,56.54,0,0,0,0,0,0,0,0
9719,59.95,0,0,0,0,0,0,0,0,0
9727,108,80.09,0,0,0,0,0,0,0,0
9732,156,0,0,0,0,0,0,0,0,0
9735,21,19.99,24.17,19.22,0,0,0,0,0,0
9741,38,31.44,32.95,21.88,58.27,44.37,36.91,35.66,0,0
9742,14.98,0,0,0,0,0,0,0,0,0
9745,34,50.62,35.92,41.86,0,0,0,0,0,0
9751,49,61.23,38.29,59.83,4.52,61.91,51.73,32.37,0,0
9766,12,0,0,0,0,0,0,0,0,0
9774,14.98,25.28,21.56,0,0,0,0,0,0,0
9790,4.97,7.84,0,0,0,0,0,0,0,0
9791,64,65.95,0,0,0,0,0,0,0,0
9793,141.95,76.55,0,0,0,0,0,0,0,0
9804,4.97,3.93,7.34,3.32,6.24,0,0,0,0,0
9812,79.9,125.74,59.07,79.85,0,0,0,0,0,0
9855,14,11.48,8.48,11.22,20.67,0,0,0,0,0
9859,28.98,38.2,47.14,36.26,27.54,0,0,0,0,0
9875,41,0,0,0,0,0,0,0,0,0
9884,444.45,0,0,0,0,0,0,0,0,0
9895,34,28.46,34.65,0,0,0,0,0,0,0
9911,7.47,5.4,7.22,10.88,0,0,0,0,0,0
9914,186.97,215.46,280.27,0,0,0,0,0,0,0
9916,45.97,0,0,0,0,0,0,0,0,0
9922,19.98,26.9,18.53,0,0,0,0,0,0,0
9961,165.98,113.05,190.48,207.76,65.53,239.4,0,0,0,0
9971,19,11.17,16.67,0,0,0,0,0,0,0
9972,68,64.77,72.99,0,0,0,0,0,0,0
9996,74.88,50.21,99.67,0,0,0,0,0,0,0
10002,88.97,117.49,59.16,99.54,90.86,117.82,96.31,76.2,100.57,0
10005,24.98,0,0,0,0,0,0,0,0,0
10009,151,132.86,89.13,132.97,153.73,0,0,0,0,0
10012,94.85,99.38,0,0,0,0,0,0,0,0
10023,14.98,18.49,12.16,14.03,14.22,18.13,0,0,0,0
10025,744.73,536.63,0,0,0,0,0,0,0,0
10039,64,99.43,87.78,37.16,0,0,0,0,0,0
10056,14.98,11.14,26.09,13.31,10.45,14.94,7.48,13.9,18.56,0
10057,24.98,0,0,0,0,0,0,0,0,0
10078,14.98,13.37,15.25,19.35,11.7,19.12,12.28,15.92,11.45,9.26
10086,118.97,0,0,0,0,0,0,0,0,0
10099,64,60.61,68.01,95.88,44.62,66.22,0,0,0,0
10106,64,0,0,0,0,0,0,0,0,0
10108,69.95,66.87,66.09,62.34,120.74,36.91,123.81,89.05,89.13,92.02
10122,19.98,18.9,0,0,0,0,0,0,0,0
10147,14,23.33,0,0,0,0,0,0,0,0
10183,94.93,77.21,94.78,0,0,0,0,0,0,0
10186,49,23.05,35.36,0,0,0,0,0,0,0
10193,132.95,118.25,119.73,101.19,129.38,127.66,133.24,115.56,0,0
10197,61,0,0,0,0,0,0,0,0,0
10224,29,26.48,22.34,0,0,0,0,0,0,0
10228,44,52.04,27.2,43.4,30.31,33.6,25.06,0,0,0
10231,19,18.61,23.79,30.05,25.49,18.29,0,0,0,0
10237,14.98,24.79,10.96,12.93,16.31,11.56,4.14,20.21,0,0
10241,553.66,0,0,0,0,0,0,0,0,0
10243,14.98,15.9,13.48,13.93,15.04,22.89,8.55,16.43,0,0
10248,88,70.92,0,0,0,0,0,0,0,0
10255,34,0,0,0,0,0,0,0,0,0
10258,84,79.23,70.05,69.89,88,85.47,89.18,84.75,103.78,79.03
10275,9.98,0,0,0,0,0,0,0,0,0
10277,38.97,43.3,0,0,0,0,0,0,0,0
10278,14,17.94,19.15,14.66,16.61,10.74,0,0,0,0
10279,29.95,45.63,36.54,30.02,0,0,0,0,0,0
10281,44,39.09,48.42,52.24,0,0,0,0,0,0
10284,78,89.17,43.85,50.17,0,0,0,0,0,0
10302,66.46,79.7,54.69,0,0,0,0,0,0,0
10304,19.98,0,0,0,0,0,0,0,0,0
10311,138,128.24,204.18,203.88,0,0,0,0,0,0
10312,64,0,0,0,0,0,0,0,0,0
10318,4.97,0,0,0,0,0,0,0,0,0
10326,83,86.18,82.99,0,0,0,0,0,0,0
10328,211,226.34,176.87,159.75,133.05,240.18,232.1,0,0,0
10337,238,232.87,236.59,275.49,136.34,343.78,0,0,0,0
10340,287.88,258.08,217.45,259.83,0,0,0,0,0,0
10344,595.97,757.27,593.8,499.32,845.53,670.65,539.43,0,0,0
10361,128,0,0,0,0,0,0,0,0,0
10363,58,60.17,73.42,63.65,58.37,0,0,0,0,0
10385,44,0,0,0,0,0,0,0,0,0
10390,106.71,62.75,101.24,109.52,0,0,0,0,0,0
10391,19.98,25.37,20.2,16.75,0,0,0,0,0,0
10393,99.95,0,0,0,0,0,0,0,0,0
10394,98.95,121.79,70.18,134.01,0,0,0,0,0,0
10409,39.92,39.21,42.3,37.37,44.9,33.68,34.82,47.98,31.46,53.94
10412,53,0,0,0,0,0,0,0,0,0
10428,73.97,0,0,0,0,0,0,0,0,0
10442,112,81.69,85.16,116.41,99.23,72.19,133.03,78.14,98.25,159.16
10449,34,34.63,33.11,15.45,36.53,34.22,0,0,0,0
10452,30,23.21,34.47,30.9,25.43,0,0,0,0,0
10463,88.97,97.03,104.73,66.6,84.12,71.16,51.51,101.97,57.81,80.75
10487,58.95,74.39,32.98,65.1,48,43.67,37.37,51.05,78.98,52.03
10491,58,75.84,51.34,60.13,38.06,91,37.01,38.78,43.35,0
10504,26.98,14.69,0,0,0,0,0,0,0,0
10521,39,0,0,0,0,0,0,0,0,0
10532,19,25.39,21.92,17.72,0,0,0,0,0,0
10537,69.97,54.87,82.14,66.88,67.92,0,0,0,0,0
10542,34,42.72,33.1,34.55,27.28,32.12,43.57,32.26,32.18,48.62
10556,29,49.79,28.89,0,0,0,0,0,0,0
10579,43.97,0,0,0,0,0,0,0,0,0
10588,63.97,68.98,0,0,0,0,0,0,0,0
10589,102,68.46,90.48,58.05,54.92,61.46,93.15,127.04,0,0
