"","id","age","income","credit.score","email","distance.to.store","online.visits","online.trans","online.spend","store.trans","store.spend","sat.service","sat.selection","no.response"
"1","1",33,57693,691,"no",1.35823370918611,13,2,87.4366424423898,7,206.98493418541,5,3,FALSE
"2","2",30,65324,723,"yes",0.669595703050815,183,20,639.879833335869,7,210.728245949807,3,5,FALSE
"3","3",38,56238,730,"yes",10.2966102313106,5,1,16.1687519347395,0,7.66868800912285,6,5,FALSE
"4","4",35,74019,776,"yes",6.76429513975434,7,1,41.5188161179182,3,122.6409821514,4,3,FALSE
"5","5",33,56827,600,"no",5.18136220336765,107,21,1016.36056807393,4,129.978021746499,5,4,FALSE
"6","6",42,88303,624,"yes",114.766643005205,25,8,363.349003425839,0,10.044044605739,NA,NA,TRUE
"7","7",40,77268,712,"yes",27.5306048509334,80,14,654.518055647821,0,8.85636630743092,4,3,FALSE
"8","8",40,48477,619,"yes",15.1942255285641,81,20,1120.14874782261,0,8.85636630743092,NA,NA,TRUE
"9","9",45,78151,894,"yes",4.26352390051024,0,0,0,2,107.178412647369,NA,NA,TRUE
"10","10",41,39477,679,"yes",9.51265449422362,204,35,905.860447040668,1,12.4322051915341,NA,NA,TRUE
"11","11",37,71467,697,"yes",78.1418883014541,0,0,0,1,43.4302009977722,NA,NA,TRUE
"12","12",34,84376,738,"no",21.9377143184782,52,8,353.743744849017,2,98.4129594304495,2,3,FALSE
"13","13",34,101651,676,"no",10.5336290134525,5,1,59.9312550554543,1,66.1607208948558,0,1,FALSE
"14","14",29,68680,650,"no",7.92422038554262,3,1,2.49479218447864,4,148.884234297255,4,3,FALSE
"15","15",35,56546,804,"yes",15.993898688572,0,0,0,5,109.409015114223,NA,NA,TRUE
"16","16",45,70998,792,"yes",1.91605077016355,99,13,499.63963459624,2,103.976689386758,NA,NA,TRUE
"17","17",30,49878,698,"no",28.6462150325148,2,0,0,0,2.91797481589055,NA,NA,TRUE
"18","18",27,88860,720,"yes",5.09467890217734,3,1,21.3663589349352,2,87.7574872853069,3,2,FALSE
"19","19",36,91542,737,"yes",8.55210658880668,0,0,0,2,120.560877624061,4,3,FALSE
"20","20",47,88821,743,"yes",7.14599006292656,39,8,484.037919130776,0,13.0132403515092,NA,NA,TRUE
"21","21",34,28611,579,"no",11.9083183574698,22,4,36.1572657530479,NA,NA,NA,NA,FALSE
"22","22",37,106228,775,"yes",27.3517345566033,0,0,0,2,167.853493357683,3,2,FALSE
"23","23",37,68109,680,"yes",4.69515396089353,68,13,182.473437530484,5,204.405830935227,3,3,FALSE
"24","24",42,64330,694,"yes",2.33054753031697,0,0,0,3,109.71012028558,3,4,FALSE
"25","25",37,70571,710,"yes",7.53671497055629,1,0,0,4,175.977412597034,NA,NA,TRUE
"26","26",33,22791,809,"no",1.75414623439444,20,0,0,NA,NA,NA,NA,TRUE
"27","27",35,57024,780,"yes",6.68653531472869,0,0,0,3,71.2491153456034,4,4,FALSE
"28","28",33,36944,728,"no",23.9899372550548,1,0,0,NA,NA,NA,NA,TRUE
"29","29",37,34497,601,"yes",4.56866006630271,0,0,0,NA,NA,NA,NA,FALSE
"30","30",33,46027,727,"yes",24.5389872465909,16,2,58.5872390704561,0,4.69949226335266,4,4,FALSE
"31","31",39,57759,806,"yes",18.0712233969515,37,2,45.6572153853139,0,8.26252715827688,NA,NA,TRUE
"32","32",37,90207,627,"yes",72.8963581258439,49,13,371.890687996376,1,54.6390283708969,2,2,FALSE
"33","33",38,83881,652,"yes",3.99850726130438,1,0,0,6,254.445166323359,NA,NA,TRUE
"34","34",29,68264,773,"no",12.2755578430414,40,4,161.596142417908,0,2.32413566673651,4,5,FALSE
"35","35",32,35572,674,"no",11.3039200396025,4,1,39.3184179227899,NA,NA,NA,NA,FALSE
"36","36",31,51929,721,"no",1.13410946814622,132,16,-55.6114382140754,6,113.567918695812,NA,NA,TRUE
"37","37",29,55192,702,"yes",16.5377966813787,23,3,135.124827469588,1,29.2227920769059,5,6,FALSE
"38","38",27,82073,780,"no",1.53630738342139,51,6,213.752049998997,2,96.6368579583272,3,4,FALSE
"39","39",34,86419,701,"yes",0.361549709806138,3,1,48.7031750771272,6,311.173530760944,4,2,FALSE
"40","40",33,70101,790,"no",11.2757317170722,0,0,0,1,33.4411986569569,4,2,FALSE
"41","41",33,23814,796,"no",6.75623003741487,12,0,0,NA,NA,NA,NA,FALSE
"42","42",45,88953,710,"yes",2.17964593482072,43,9,294.638437731354,1,72.3528684757102,4,3,FALSE
"43","43",39,65492,727,"yes",27.3871464625181,0,0,0,6,189.386010308004,3,4,FALSE
"44","44",37,61549,699,"yes",6.30505495008477,0,0,0,7,198.703320943252,4,4,FALSE
"45","45",25,42886,631,"no",19.4726757388648,41,6,61.2902173052906,1,11.6744509325618,5,5,FALSE
"46","46",34,111991,763,"no",3.79860878886377,0,0,0,4,333.392319865431,2,1,FALSE
"47","47",39,51403,713,"yes",10.4445211828448,35,4,205.336935646735,2,40.4377252153834,5,5,FALSE
"48","48",31,43243,724,"yes",6.31534606868174,42,5,88.2104046683458,1,12.3042927552251,NA,NA,TRUE
"49","49",36,85302,624,"no",1.12927139067669,41,10,770.507743410425,3,156.313911968117,NA,NA,TRUE
"50","50",26,70992,681,"no",19.9218089485781,0,0,0,3,117.938465588551,5,4,FALSE
"51","51",41,84216,777,"yes",17.3355353919689,14,2,111.361586250999,1,59.9244862387213,3,4,FALSE
"52","52",30,77488,605,"no",88.0518544693368,5,1,26.3385252761809,0,2.91797481589055,2,3,FALSE
"53","53",35,50054,650,"yes",37.3232795505423,88,17,684.703325445764,0,5.88717056166073,4,3,FALSE
"54","54",38,79936,720,"yes",2.04155740314503,83,15,144.703023766856,2,102.45565752027,2,3,FALSE
"55","55",32,45088,640,"no",18.7883839541774,101,16,405.250802615353,0,4.10565311419862,3,5,FALSE
"56","56",31,74475,685,"yes",9.68648040650062,111,21,638.751673761622,1,39.9624591321388,3,2,FALSE
"57","57",34,58261,687,"no",7.512463015651,15,2,47.4956482678381,0,5.2933314125067,4,5,FALSE
"58","58",40,15978,824,"yes",3.17291976403434,38,0,0,NA,NA,NA,NA,TRUE
"59","59",40,51728,686,"yes",31.913205254175,122,23,936.849311455723,0,8.85636630743092,5,4,FALSE
"60","60",31,70138,746,"yes",15.2632812684674,0,0,0,4,164.536096236268,NA,NA,TRUE
"61","61",40,74796,870,"yes",2.87130154541883,15,1,15.0352118901182,3,129.669966583276,5,5,FALSE
"62","62",41,74207,736,"yes",1.56519510999699,55,9,214.547038939646,2,102.642711681081,4,4,FALSE
"63","63",35,80252,693,"yes",1.70495555058997,0,0,0,5,239.232482666158,3,3,FALSE
"64","64",33,75636,716,"no",2.57017779474539,10,2,107.072141930991,1,40.5805858061779,2,2,FALSE
"65","65",30,47871,778,"yes",22.8033251198338,5,0,0,2,39.3965372668392,NA,NA,TRUE
"66","66",43,75111,582,"yes",19.1416175970359,73,21,633.077154551578,2,100.352607988096,3,2,FALSE
"67","67",30,52497,826,"no",53.7380905129662,67,2,50.919831827061,0,2.91797481589055,5,5,FALSE
"68","68",43,100493,783,"yes",2.68365326472179,0,0,0,6,427.296913162702,NA,NA,TRUE
"69","69",33,52716,564,"no",1.46106552532136,0,0,0,2,51.1185189757236,NA,NA,TRUE
"70","70",41,49670,863,"yes",6.42325058707821,13,1,31.9739287531369,0,9.45020545658496,6,6,FALSE
"71","71",37,56343,583,"yes",5.89765638560466,25,7,255.232345076871,2,68.3705183268654,4,4,FALSE
"72","72",40,76219,772,"yes",11.6386393365044,17,3,106.68313510329,0,8.85636630743092,4,2,FALSE
"73","73",33,48694,716,"yes",14.2287780212514,1,0,0,4,86.4704154619256,3,4,FALSE
"74","74",36,57374,823,"yes",5.16135346681269,0,0,0,5,145.571192968547,NA,NA,TRUE
"75","75",30,67846,657,"no",12.5913232827261,5,1,47.5870365657914,1,39.7329395248943,2,3,FALSE
"76","76",35,71845,795,"yes",4.58393690588986,5,1,1.97813091684419,0,5.88717056166073,NA,NA,TRUE
"77","77",37,59381,749,"yes",5.52440025385356,0,0,0,4,84.0939536178133,5,4,FALSE
"78","78",29,47172,668,"yes",3.87615220799881,8,1,38.8680894751206,3,48.6374209741102,6,5,FALSE
"79","79",32,46080,845,"no",8.90286942055276,1,0,0,3,62.2357650421904,5,6,FALSE
"80","80",39,58607,688,"yes",7.24158235741737,0,0,0,1,30.4894971576604,NA,NA,TRUE
"81","81",36,112740,821,"yes",27.5166687858912,79,12,630.043628726502,0,6.48100971081477,2,2,FALSE
"82","82",35,53851,701,"yes",2.57213472970859,46,6,154.268165465785,0,5.88717056166073,4,5,FALSE
"83","83",35,65940,704,"yes",0.233567569554134,7,1,25.2086739758469,7,236.09306691975,3,2,FALSE
"84","84",40,69237,677,"yes",5.32654455580874,7,1,20.2510509660629,2,91.3940673700454,NA,NA,TRUE
"85","85",35,19615,648,"yes",13.8877662536177,0,0,0,NA,NA,NA,NA,TRUE
"86","86",31,52461,645,"no",37.142551221065,14,2,38.6699211977343,1,21.5418563076014,4,4,FALSE
"87","87",38,102891,740,"yes",11.4909361376032,5,1,35.96975669225,3,228.25851296955,1,2,FALSE
"88","88",34,74992,768,"no",18.8343586682284,8,1,20.0097090523625,1,47.6728432614,4,3,FALSE
"89","89",34,75256,662,"no",7.14585229369342,73,16,568.309780537287,2,95.6143188923263,2,3,FALSE
"90","90",37,63685,603,"yes",2.68686581780099,2,0,0,3,71.3700738190702,3,2,FALSE
"91","91",38,85129,609,"yes",10.364150786032,16,5,185.901159348678,1,69.2721535033972,NA,NA,TRUE
"92","92",34,62314,709,"no",2.61903384716336,119,16,747.61036874619,3,105.98469536559,NA,NA,TRUE
"93","93",30,33791,705,"no",9.17823973224844,28,2,18.6031259960841,NA,NA,NA,NA,FALSE
"94","94",38,49624,685,"yes",11.8012293056136,15,2,69.0014131877007,0,7.66868800912285,NA,NA,TRUE
"95","95",33,67627,693,"no",9.41606452946674,2,0,0,3,130.16915161846,NA,NA,TRUE
"96","96",39,13000,530,"yes",5.95229479524438,20,5,44.846702823736,NA,NA,NA,NA,TRUE
"97","97",32,80476,728,"no",112.448517651405,2,0,0,8,431.99799050122,4,2,FALSE
"98","98",47,67903,755,"yes",69.5154580372177,0,0,0,3,104.933935780119,5,6,FALSE
"99","99",34,126238,745,"no",31.5315221630808,1,0,0,3,292.329659322586,1,1,FALSE
"100","100",37,119000,716,"yes",1.78114745296143,0,0,0,1,96.4510377289436,1,1,FALSE
"101","101",39,35066,672,"yes",10.1231478171242,1,0,0,NA,NA,NA,NA,TRUE
"102","102",34,59163,684,"yes",2.60244036063873,0,0,0,6,152.222745865797,NA,NA,TRUE
"103","103",37,89799,756,"yes",8.73080491580377,0,0,0,2,111.524717014335,2,2,FALSE
"104","104",32,84458,732,"no",14.3004417525082,2,0,0,7,327.511612959222,3,2,FALSE
"105","105",32,93617,596,"yes",11.2292759516858,0,0,0,8,502.140191978231,2,0,FALSE
"106","106",32,65462,770,"no",309.417895710386,132,17,1094.24960071781,0,4.10565311419862,4,5,FALSE
"107","107",37,92749,627,"yes",14.7216927019133,0,0,0,7,370.088067937952,NA,NA,TRUE
"108","108",30,29558,667,"yes",8.502914719071,104,16,468.358562783239,NA,NA,NA,NA,FALSE
"109","109",40,77390,733,"yes",67.2626786027861,6,1,33.2136304037513,0,8.85636630743092,NA,NA,TRUE
"110","110",31,54391,694,"no",4.32196109705338,1,0,0,6,181.80443791622,6,5,FALSE
"111","111",33,46300,797,"no",8.4308600243578,5,0,0,4,43.8964327363646,5,5,FALSE
"112","112",47,87023,680,"yes",20.9549795664907,53,13,232.629251072824,3,183.58132831389,NA,NA,TRUE
"113","113",33,80831,853,"no",1.26165556488118,64,3,30.9293710273484,4,174.976603126557,4,4,FALSE
"114","114",37,91581,720,"yes",3.82676895688314,2,0,0,6,329.240502613683,1,1,FALSE
"115","115",38,79720,718,"no",9.06648734227714,0,0,0,6,298.033440373691,NA,NA,TRUE
"116","116",37,62447,798,"yes",6.35327470177678,6,0,0,0,7.07484885996881,5,3,FALSE
"117","117",34,76206,667,"no",4.03502235298506,0,0,0,6,301.194476345715,2,3,FALSE
"118","118",38,59052,696,"yes",6.02576380719526,9,2,69.165050829962,2,59.2364029842034,NA,NA,TRUE
"119","119",38,81149,779,"yes",19.879352035508,47,6,199.695046990866,1,64.9959529143343,4,3,FALSE
"120","120",32,38653,592,"no",15.3580727895661,16,4,67.3520983099964,5,10.1564431544723,NA,NA,TRUE
"121","121",33,52560,806,"no",12.2588583063962,0,0,0,3,54.5677464693832,7,6,FALSE
"122","122",40,68343,837,"yes",28.5527129741132,0,0,0,2,84.8608789674989,6,4,FALSE
"123","123",44,83018,740,"yes",7.88436185080144,44,9,380.718013427882,1,63.5313686519299,NA,NA,TRUE
"124","124",30,44861,763,"no",9.42257096332831,1,0,0,5,60.6582123297206,5,5,FALSE
"125","125",44,68187,704,"yes",4.59051367253108,69,11,294.153379717382,1,50.471439203589,6,4,FALSE
"126","126",32,38417,808,"no",5.20308250945817,5,0,0,1,18.1498822369093,NA,NA,TRUE
"127","127",27,26312,880,"no",3.41242931975765,48,0,0,NA,NA,NA,NA,FALSE
"128","128",35,76091,782,"yes",1.80407760845216,0,0,0,1,55.1821782719563,3,4,FALSE
"129","129",26,32796,816,"no",8.8946762807256,0,0,0,NA,NA,NA,NA,TRUE
"130","130",35,62814,730,"yes",20.2550625173563,7,1,42.1177617090588,0,5.88717056166073,NA,NA,TRUE
"131","131",38,71097,820,"yes",20.4758571599942,1,0,0,0,7.66868800912285,6,4,FALSE
"132","132",33,61206,682,"no",10.2123846010017,1,0,0,4,122.236423602412,4,3,FALSE
"133","133",42,64471,711,"yes",3.65637751505266,6,1,19.167255285846,2,85.7275852392218,3,4,FALSE
"134","134",28,43376,854,"yes",2.76249441760974,6,0,0,3,18.9639322873005,NA,NA,TRUE
"135","135",36,53804,877,"yes",2.30702839086609,0,0,0,2,44.2263346040035,7,6,FALSE
"136","136",40,53866,714,"yes",1.22737819710212,30,4,166.328354168137,7,108.392413783335,5,5,FALSE
"137","137",40,74862,862,"yes",3.12772266874709,20,1,40.3555001268909,0,8.85636630743092,NA,NA,TRUE
"138","138",46,99122,694,"yes",2.68310274082029,1,0,0,4,257.948657614144,5,2,FALSE
"139","139",32,97452,719,"no",2.96935465696723,0,0,0,1,65.0723505453145,NA,NA,TRUE
"140","140",36,73091,736,"yes",28.7954577742375,0,0,0,1,41.9138744421187,NA,NA,TRUE
"141","141",40,76931,636,"yes",2.51980802746791,3,1,59.5294935321423,1,49.8729065717356,NA,NA,TRUE
"142","142",33,66999,690,"no",4.17116980936717,10,2,31.7406357903678,1,45.9861083602635,NA,NA,TRUE
"143","143",42,83217,846,"yes",1.2019911343815,0,0,0,7,401.317367719743,NA,NA,TRUE
"144","144",40,67314,778,"yes",8.55186570881185,0,0,0,9,303.702001722609,4,4,FALSE
"145","145",38,95725,755,"yes",6.71774537736041,73,13,341.866592302287,0,7.66868800912285,2,3,FALSE
"146","146",22,44383,788,"no",8.81828162686795,9,0,0,0,-1.83273837734175,NA,NA,TRUE
"147","147",35,59925,615,"yes",10.5311244413645,6,1,11.477810327446,2,65.0952206786334,4,2,FALSE
"148","148",36,32415,756,"yes",3.23665806713418,55,3,94.2381630917974,NA,NA,NA,NA,FALSE
"149","149",35,49463,702,"yes",50.3635074331016,26,5,-52.4778004152606,0,5.88717056166073,3,4,FALSE
"150","150",38,91561,700,"yes",27.3457877815792,62,13,559.803751464957,0,7.66868800912285,4,2,FALSE
"151","151",37,60536,771,"yes",1.3812034545071,29,2,90.7132667622906,3,93.5582422329042,NA,NA,TRUE
"152","152",36,70686,763,"no",9.03380663234208,40,5,91.9296655932159,2,81.7584323050593,NA,NA,TRUE
"153","153",27,70222,870,"no",22.537027907349,4,0,0,3,91.1947811809392,5,5,FALSE
"154","154",38,46041,693,"yes",5.46891312600674,62,7,338.5383376533,0,7.66868800912285,6,4,FALSE
"155","155",37,64776,801,"no",19.0646817361497,0,0,0,0,7.07484885996881,4,5,FALSE
"156","156",40,64769,675,"yes",3.9347471737325,34,7,372.653320783363,1,38.5277407251245,4,5,FALSE
"157","157",32,77002,747,"yes",7.56647364297254,2,0,0,2,112.388876259564,NA,NA,TRUE
"158","158",43,82975,653,"yes",7.01888225060777,66,15,630.240668710597,0,10.637883754893,NA,NA,TRUE
"159","159",27,53615,670,"yes",15.1493853277202,88,13,397.777894271571,2,42.7102209195731,4,5,FALSE
"160","160",39,65132,766,"yes",14.8896220605624,3,0,0,4,154.691753697084,NA,NA,TRUE
"161","161",30,61281,648,"no",7.60094571029204,2,0,0,6,150.77622869676,NA,NA,TRUE
"162","162",45,86950,792,"yes",1.54926712205644,58,10,479.484495452893,8,432.992103345669,NA,NA,TRUE
"163","163",31,61259,795,"no",4.73046765376516,38,2,70.5667223729979,0,3.51181396504458,NA,NA,TRUE
"164","164",33,64781,697,"no",3.15116233509352,2,0,0,3,99.9403291940346,4,3,FALSE
"165","165",37,57162,685,"yes",13.1369788293823,79,12,271.885860775933,1,33.2874803133933,3,4,FALSE
"166","166",29,49718,717,"no",3.78193192534303,16,2,116.556225681037,2,25.0971752434002,5,5,FALSE
"167","167",32,46344,763,"no",3.58479163214083,120,8,165.583757533125,0,4.10565311419862,7,6,FALSE
"168","168",28,29725,705,"yes",13.1385491427424,17,2,32.442081177057,NA,NA,NA,NA,FALSE
"169","169",49,95970,871,"yes",5.3766271779249,35,4,105.442860349029,1,69.9634505169991,NA,NA,TRUE
"170","170",34,85738,660,"yes",6.02136568376568,0,0,0,3,182.68352168962,NA,NA,TRUE
"171","171",37,80138,617,"yes",10.0201935724967,0,0,0,6,310.051239772539,NA,NA,TRUE
"172","172",41,40414,672,"no",14.569944162862,6,1,32.5515606250384,1,23.3348107452736,NA,NA,TRUE
"173","173",36,69326,677,"yes",10.3451626818392,2,0,0,2,83.9126783083579,6,4,FALSE
"174","174",34,87810,681,"no",11.9044889559584,1,0,0,2,103.535718260425,3,1,FALSE
"175","175",37,50100,609,"yes",11.6391361003508,5,1,12.3959671944125,0,7.07484885996881,3,2,FALSE
"176","176",34,56745,677,"no",10.887161911448,32,5,218.682862717332,2,57.118046975359,4,4,FALSE
"177","177",30,54612,615,"no",2.10109372152657,9,2,65.9777049550519,1,9.33234670162547,4,3,FALSE
"178","178",30,79135,657,"no",1.24124543924202,41,9,522.264995877621,0,2.91797481589055,3,2,FALSE
"179","179",33,72499,773,"no",5.52117709724504,0,0,0,3,105.573890463586,NA,NA,TRUE
"180","180",39,84569,814,"no",2.09449517989241,0,0,0,5,293.634060528593,3,3,FALSE
"181","181",41,106586,861,"yes",2.07386860558916,1,0,0,5,336.527084186418,NA,NA,TRUE
"182","182",43,77211,755,"yes",30.8956100936049,0,0,0,4,186.355419205872,3,4,FALSE
"183","183",30,85619,636,"no",8.79167139933377,0,0,0,4,251.448992292102,NA,NA,TRUE
"184","184",33,60632,748,"no",5.18757280492326,19,2,82.6358117286487,0,4.69949226335266,4,4,FALSE
"185","185",33,60863,726,"no",10.7412615250031,232,34,1234.6054674029,1,22.3456347718728,NA,NA,TRUE
"186","186",41,89179,849,"yes",3.02197934672126,57,3,50.021312276918,0,9.45020545658496,6,4,FALSE
"187","187",38,59510,680,"yes",2.07338513962568,24,3,37.172478211027,0,7.66868800912285,4,4,FALSE
"188","188",31,43801,675,"yes",18.0443280384651,6,1,42.2632355374039,2,23.3860070234799,7,5,FALSE
"189","189",36,94606,742,"yes",14.3410899789981,8,1,66.3257209931179,1,71.0919468889239,2,2,FALSE
"190","190",27,13000,764,"yes",48.4752683985136,3,0,0,NA,NA,NA,NA,FALSE
"191","191",36,69785,645,"yes",1.78657418035203,4,1,34.6718500301275,4,191.726202862888,NA,NA,TRUE
"192","192",35,13000,675,"yes",7.05197348191887,76,6,46.7424938634149,NA,NA,NA,NA,FALSE
"193","193",42,88514,715,"yes",14.4979636031501,2,0,0,3,182.316779130784,NA,NA,TRUE
"194","194",32,63948,822,"no",1.51917202575524,3,0,0,12,406.510562091381,3,4,FALSE
"195","195",39,79955,732,"yes",5.72711057273604,45,6,299.579217666573,2,76.5739174608992,3,2,FALSE
"196","196",33,44226,732,"yes",3.2941973343366,72,8,349.044862387695,2,26.7182204685436,NA,NA,TRUE
"197","197",30,36641,668,"yes",15.4655572169886,0,0,0,NA,NA,NA,NA,FALSE
"198","198",38,36549,762,"yes",4.48111702304659,0,0,0,NA,NA,NA,NA,TRUE
"199","199",29,46270,663,"no",87.2766974230065,10,1,26.6057451883199,0,2.32413566673651,4,3,FALSE
"200","200",32,22830,871,"yes",3.96192695013492,50,0,0,NA,NA,NA,NA,FALSE
"201","201",30,49363,702,"no",3.39419697124698,2,0,0,1,21.9430147289557,NA,NA,TRUE
"202","202",37,57617,689,"yes",45.1491577610214,0,0,0,2,71.027456229124,5,3,FALSE
"203","203",39,52865,660,"yes",13.9776022127836,29,5,102.593053780252,2,60.4583967879135,4,4,FALSE
"204","204",38,40865,658,"yes",0.618596015645319,10,1,2.24090632834428,8,-33.8173742762479,NA,NA,TRUE
"205","205",35,40347,666,"yes",10.7475602276941,0,0,0,4,61.3108138230964,5,5,FALSE
"206","206",29,56960,943,"no",6.86565402524791,5,0,0,2,36.9127454744444,6,6,FALSE
"207","207",29,71951,577,"yes",13.0663386183265,0,0,0,4,163.542507828935,3,2,FALSE
"208","208",35,60274,697,"yes",23.167744312941,33,5,286.078808446184,1,29.5182280897016,4,4,FALSE
"209","209",33,55078,686,"yes",0.244432403800478,1,0,0,10,109.231307963506,1,4,FALSE
"210","210",34,31470,885,"no",1.12783268048762,359,0,0,NA,NA,NA,NA,TRUE
"211","211",26,77883,679,"no",14.2506257213895,76,12,736.122194505064,0,0.542618219274398,3,4,FALSE
"212","212",37,57448,743,"yes",35.1129045335588,20,3,124.684787666119,0,7.07484885996881,6,4,FALSE
"213","213",34,40587,807,"no",4.24693267641429,0,0,0,3,27.3430796651093,NA,NA,TRUE
"214","214",34,76806,695,"yes",5.00124619244532,1,0,0,2,83.9450781227514,4,4,FALSE
"215","215",36,82414,648,"no",3.76057489994332,27,7,226.5341495332,0,6.48100971081477,3,2,FALSE
"216","216",40,49869,681,"yes",38.2977338879224,46,6,74.522016565845,1,17.0125501176349,2,3,FALSE
"217","217",29,55711,690,"no",47.6797703864085,92,13,397.780215295953,0,2.32413566673651,3,3,FALSE
"218","218",40,85427,569,"yes",29.4151699435004,0,0,0,4,218.090279502617,3,1,FALSE
"219","219",30,57072,666,"no",4.15882113223803,7,1,21.1290362052246,1,25.5978965740142,3,3,FALSE
"220","220",36,90416,692,"yes",5.0442106522197,1,0,0,2,115.024212535796,NA,NA,TRUE
"221","221",34,32700,777,"no",3.25376138384446,106,0,0,NA,NA,NA,NA,FALSE
"222","222",38,125641,795,"yes",6.71986961426999,1,0,0,1,99.8398000179598,2,1,FALSE
"223","223",32,63531,747,"yes",6.15964123414127,0,0,0,3,67.338815044128,3,4,FALSE
"224","224",33,60219,687,"no",4.5362910795511,2,0,0,3,96.5818093753438,4,4,FALSE
"225","225",34,36784,652,"no",5.64783102065156,35,5,16.6840628937235,NA,NA,NA,NA,FALSE
"226","226",30,67875,699,"yes",5.86050600039615,1,0,0,3,97.2882450603785,NA,NA,TRUE
"227","227",43,58457,871,"yes",4.59027517203052,10,0,0,3,73.1406440954665,NA,NA,TRUE
"228","228",28,67073,755,"no",1.33316970282771,0,0,0,5,152.177718758031,NA,NA,TRUE
"229","229",34,23709,680,"yes",3.10250309389082,96,10,42.5685090907629,NA,NA,NA,NA,TRUE
"230","230",36,67961,791,"yes",6.70953851295717,0,0,0,7,220.828094739281,4,3,FALSE
"231","231",17,50392,643,"no",3.60473601410827,0,0,0,3,55.1397650600639,NA,NA,TRUE
"232","232",31,86437,621,"no",17.5841644127974,11,3,80.4621816444174,1,54.6285530069136,3,3,FALSE
"233","233",38,77268,666,"yes",9.45023730486655,11,2,2.29776507710527,2,84.3594253793857,NA,NA,TRUE
"234","234",35,65018,512,"yes",4.32645051792035,0,0,0,0,5.88717056166073,NA,NA,TRUE
"235","235",31,54068,635,"no",2.44067510101842,35,8,220.798630725387,0,3.51181396504458,NA,NA,TRUE
"236","236",32,76383,660,"yes",8.38417239917796,38,7,159.790029087818,1,45.6537865992788,NA,NA,TRUE
"237","237",30,52663,618,"no",2.04426620323994,7,1,6.46336924179742,0,2.91797481589055,3,4,FALSE
"238","238",40,62939,762,"yes",7.10698091949254,0,0,0,4,160.437592834537,NA,NA,TRUE
"239","239",31,49737,760,"no",28.1029896378044,14,1,38.9614158359802,0,3.51181396504458,6,6,FALSE
"240","240",31,61564,640,"yes",24.4099808715077,0,0,0,8,285.116836486942,3,4,FALSE
"241","241",33,67603,810,"no",9.85114914338916,0,0,0,5,159.016532566769,5,4,FALSE
"242","242",37,36487,651,"yes",7.3399533870752,1,0,0,NA,NA,NA,NA,FALSE
"243","243",37,83993,689,"yes",2.4774039106642,8,2,42.41956679525,3,166.620526844263,NA,NA,TRUE
"244","244",36,63025,708,"yes",23.6545838237926,1,0,0,3,86.4217412562603,3,3,FALSE
"245","245",30,53750,786,"no",4.21577355538924,44,4,211.241506516982,3,60.8819894426482,6,4,FALSE
"246","246",29,69710,755,"no",16.8918292297131,23,3,90.1425797783036,0,2.32413566673651,5,4,FALSE
"247","247",34,92681,686,"no",6.8202066459921,10,2,81.8971363338909,2,129.787346126799,2,2,FALSE
"248","248",32,55991,717,"no",3.70422770486809,23,2,39.0438972699434,1,30.7950681179004,NA,NA,TRUE
"249","249",30,47032,827,"no",6.66522630053083,4,0,0,3,34.2552626817076,7,5,FALSE
"250","250",41,46125,676,"yes",31.0242015178763,0,0,0,1,28.31033326846,4,4,FALSE
"251","251",38,55958,756,"no",29.0169270423353,7,1,16.3985200419628,0,7.66868800912285,5,4,FALSE
"252","252",36,66607,809,"yes",10.0605299407877,78,3,46.9154479772777,1,43.1056435058846,5,5,FALSE
"253","253",31,77092,652,"yes",17.0124324278269,0,0,0,3,120.28653417235,3,2,FALSE
"254","254",30,75659,718,"no",6.27229864338199,39,7,280.914955075947,2,93.1906336664193,4,3,FALSE
"255","255",42,82280,716,"yes",50.062312989952,102,16,609.488922566113,0,10.044044605739,4,3,FALSE
"256","256",35,36940,685,"no",3.06967228946012,0,0,0,NA,NA,NA,NA,FALSE
"257","257",50,60598,853,"yes",4.0300177219395,0,0,0,1,46.4832112939264,7,6,FALSE
"258","258",35,79817,782,"yes",7.87662926565175,0,0,0,5,270.533578345557,NA,NA,TRUE
"259","259",44,67796,668,"yes",29.6674924125964,0,0,0,2,91.2496681230304,3,4,FALSE
"260","260",36,73111,567,"yes",26.945170298165,14,4,77.640413839145,1,53.2145244341551,2,2,FALSE
"261","261",43,67812,582,"yes",14.2971088211199,24,7,296.100675481731,0,10.637883754893,2,2,FALSE
"262","262",36,42231,862,"no",9.41892861642224,47,0,0,2,33.267346943894,NA,NA,TRUE
"263","263",34,93657,752,"no",7.44527503177572,0,0,0,2,121.075675566931,3,2,FALSE
"264","264",32,46052,617,"no",0.837555910296215,0,0,0,7,87.6367772991783,5,4,FALSE
"265","265",40,89293,674,"yes",38.1956100380231,172,37,1471.07329571824,1,62.4210206914049,3,2,FALSE
"266","266",35,62004,826,"yes",17.144139265438,0,0,0,1,32.7512699160408,4,5,FALSE
"267","267",29,50987,772,"yes",11.4276969270717,21,1,9.69756318790727,0,2.32413566673651,NA,NA,TRUE
"268","268",38,51838,703,"yes",22.233051813485,17,2,41.3575284512436,0,7.66868800912285,4,5,FALSE
"269","269",38,65877,720,"yes",10.3974924816971,3,0,0,5,214.413309760431,NA,NA,TRUE
"270","270",38,66940,739,"no",18.4312195801666,6,1,23.3215954349028,0,7.66868800912285,NA,NA,TRUE
"271","271",24,82059,714,"no",2.53771772246163,0,0,0,6,234.949344892332,5,4,FALSE
"272","272",36,70129,807,"yes",15.248244419498,125,7,324.970444303709,2,79.6151152088796,5,4,FALSE
"273","273",35,77204,663,"yes",18.6269161987863,46,10,293.59599400812,0,5.88717056166073,3,2,FALSE
"274","274",49,70428,724,"yes",2.01616231918507,1,0,0,5,152.60978766965,NA,NA,TRUE
"275","275",40,69753,746,"yes",22.703468594364,25,4,133.869198058496,0,8.85636630743092,NA,NA,TRUE
"276","276",47,77971,622,"yes",13.8009718563685,87,25,702.259503935186,0,13.0132403515092,NA,NA,TRUE
"277","277",30,45764,776,"yes",7.48109375898596,3,0,0,1,12.3992218342208,6,6,FALSE
"278","278",39,47464,704,"yes",9.21501996717418,6,1,28.8719699309975,1,24.2097227247244,3,4,FALSE
"279","279",35,59262,628,"yes",3.94133800548247,9,2,21.348853563807,1,28.6127383871726,3,2,FALSE
"280","280",40,63298,711,"yes",1.61050474688347,1,0,0,4,118.501224622743,3,3,FALSE
"281","281",26,40477,586,"no",38.6619548127697,26,5,81.0926687165846,2,21.8404469493675,3,5,FALSE
"282","282",31,13000,615,"yes",4.85693720379163,0,0,0,NA,NA,NA,NA,FALSE
"283","283",31,66670,775,"yes",1.46499298733658,14,1,26.0789736238683,1,33.387773036696,3,4,FALSE
"284","284",33,50605,810,"no",21.197291956371,12,0,0,5,72.5550889638976,NA,NA,TRUE
"285","285",37,105722,759,"yes",3.77395711443157,93,15,500.20965488061,0,7.07484885996881,1,2,FALSE
"286","286",37,91505,797,"yes",5.78072373706928,2,0,0,3,191.183009309836,1,2,FALSE
"287","287",42,78790,698,"yes",11.7535540432885,0,0,0,0,10.044044605739,NA,NA,TRUE
"288","288",36,51795,760,"yes",16.0445619029958,29,3,31.5316457746823,3,87.5500329906679,3,4,FALSE
"289","289",49,67012,706,"yes",17.4964445015315,9,2,52.7642383199098,0,14.2009186498173,NA,NA,TRUE
"290","290",25,57855,713,"yes",13.2568280423622,1,0,0,5,118.348903761819,5,5,FALSE
"291","291",42,30638,770,"yes",0.742862620773592,3,0,0,NA,NA,NA,NA,TRUE
"292","292",27,47684,749,"yes",107.861685105005,52,5,87.3407761440049,2,29.7460765652637,6,6,FALSE
"293","293",41,59992,719,"yes",120.103021078327,193,30,1038.40745572729,0,9.45020545658496,4,5,FALSE
"294","294",38,100199,669,"yes",2.28648747930714,26,7,401.318443635362,2,126.649504090362,3,2,FALSE
"295","295",39,79417,757,"yes",10.7438289348771,1,0,0,1,59.4043717392241,4,4,FALSE
"296","296",32,34205,705,"yes",2.62117393816278,4,0,0,NA,NA,NA,NA,FALSE
"297","297",37,108300,732,"yes",3.70162890932725,0,0,0,2,155.56499151973,2,1,FALSE
"298","298",31,93401,553,"no",24.9486707462152,200,65,2422.69919164702,0,3.51181396504458,NA,NA,TRUE
"299","299",42,31539,713,"yes",5.54564832153277,0,0,0,NA,NA,NA,NA,TRUE
"300","300",37,13000,614,"yes",4.02786874372948,79,11,332.076533487813,NA,NA,NA,NA,FALSE
"301","301",30,86822,829,"no",9.86440414405849,37,4,155.996065358519,1,49.8099380386139,6,4,FALSE
"302","302",43,67202,751,"yes",14.3275745804006,46,7,271.173143409646,0,10.637883754893,5,5,FALSE
"303","303",34,64342,693,"no",5.11115329307107,14,2,44.6818090840776,3,103.524514021507,3,4,FALSE
"304","304",44,84265,594,"no",21.8263079250428,0,0,0,2,104.896202156394,3,2,FALSE
"305","305",28,66962,753,"no",3.57331423185684,5,1,24.230328448614,4,156.79566859379,NA,NA,TRUE
"306","306",39,101201,545,"no",15.4562183916579,3,1,61.4280757398547,1,74.5226545748758,NA,NA,TRUE
"307","307",43,79991,794,"yes",1.20916805739132,18,3,101.487548406198,1,62.0308661755029,4,4,FALSE
"308","308",41,42740,755,"yes",6.37489165497911,1,0,0,5,68.9924201317632,NA,NA,TRUE
"309","309",31,100879,642,"yes",7.07867903565331,20,5,239.910981518288,5,346.664950378005,NA,NA,TRUE
"310","310",34,88433,735,"no",4.15547512590544,2,0,0,2,130.383227758283,3,2,FALSE
"311","311",44,45993,756,"yes",12.9352134314698,1,0,0,3,42.3399696953705,NA,NA,TRUE
"312","312",36,71296,692,"yes",49.6010003551177,3,1,34.2192423398966,0,6.48100971081477,3,3,FALSE
"313","313",32,13000,766,"no",29.7931598809805,16,0,0,NA,NA,NA,NA,FALSE
"314","314",29,97564,784,"no",18.1515598873459,13,2,125.249644912393,1,63.5178251485931,3,3,FALSE
"315","315",36,64905,711,"yes",28.6731067487302,94,14,60.7823508371133,0,6.48100971081477,5,4,FALSE
"316","316",27,56101,830,"yes",4.08831381341318,6,0,0,3,87.4330193244886,5,6,FALSE
"317","317",31,72686,712,"no",9.44286101532863,2,0,0,5,178.886989499389,3,3,FALSE
"318","318",37,64084,724,"yes",29.7427381801074,31,4,71.7951929925187,1,34.1417419839987,5,4,FALSE
"319","319",33,87499,721,"yes",3.04468530672201,0,0,0,7,352.510729040688,4,2,FALSE
"320","320",34,52428,837,"yes",0.508028014588675,1,0,0,3,46.615694822571,5,4,FALSE
"321","321",34,77743,694,"no",3.1658446919259,14,3,161.828390402236,3,136.537191290451,3,3,FALSE
"322","322",30,99720,739,"no",6.83203475087941,37,7,248.849502755891,2,141.440363169037,3,2,FALSE
"323","323",40,63237,713,"yes",10.8078762645427,3,0,0,2,90.410842477822,NA,NA,TRUE
"324","324",39,16903,717,"yes",4.12889659633755,33,2,-8.34839339340058,NA,NA,NA,NA,FALSE
"325","325",27,42409,749,"no",18.4426000608882,1,0,0,3,50.7862859506908,NA,NA,TRUE
"326","326",30,46485,645,"no",2.0668646601138,203,31,926.462959732284,4,54.6155575458233,3,4,FALSE
"327","327",38,73287,666,"yes",1.3699489195471,6,1,35.201934207481,1,49.7736574116457,4,2,FALSE
"328","328",35,76831,799,"yes",98.9277813754558,310,46,1010.60231835624,0,5.88717056166073,NA,NA,TRUE
"329","329",31,88406,710,"no",11.9192251365121,0,0,0,1,59.3856858559139,1,3,FALSE
"330","330",22,62605,615,"no",1.41254964150565,22,5,122.899827118828,3,87.3599370180443,NA,NA,TRUE
"331","331",36,63351,758,"yes",1.94992441975788,0,0,0,3,71.1024645699099,4,4,FALSE
"332","332",28,100065,744,"no",2.41944669157226,82,15,1171.47149914955,0,1.73029651758247,3,4,FALSE
"333","333",31,40433,689,"no",1.39516523039612,0,0,0,1,10.3840495424934,NA,NA,TRUE
"334","334",31,64463,775,"no",10.5123347967701,4,0,0,3,81.7200161767168,NA,NA,TRUE
"335","335",32,45519,802,"yes",153.342744938969,5,0,0,3,42.8853366942105,6,4,FALSE
"336","336",36,80306,574,"yes",6.61506905626369,54,18,405.220961736076,2,102.331135763453,NA,NA,TRUE
"337","337",38,59047,682,"yes",21.0347440071979,3,0,0,2,62.9653877081791,NA,NA,TRUE
"338","338",33,72142,752,"no",133.919640145378,11,1,26.560728277461,0,4.69949226335266,NA,NA,TRUE
"339","339",30,45615,702,"no",1.00685484464861,0,0,0,5,84.3415829214555,NA,NA,TRUE
"340","340",34,75888,627,"yes",12.4523677224902,33,6,170.007323773992,0,5.2933314125067,2,2,FALSE
"341","341",33,46938,587,"no",41.8445240828421,1,0,0,1,11.6001587648621,3,4,FALSE
"342","342",33,77515,765,"yes",24.7801649010508,3,0,0,1,46.9078587832691,4,4,FALSE
"343","343",31,46291,783,"yes",6.49268265136634,7,1,33.2870751193865,1,23.9768924140119,NA,NA,TRUE
"344","344",40,45798,779,"yes",4.2363187881437,0,0,0,2,22.7603148176497,NA,NA,TRUE
"345","345",33,56741,760,"no",4.10360874051782,0,0,0,2,50.2607283132913,4,4,FALSE
"346","346",25,64555,906,"no",3.27715331274586,16,0,0,1,31.3002815596995,5,6,FALSE
"347","347",45,69984,703,"yes",2.04149414192943,12,2,11.0145564078431,1,56.0320591958033,4,3,FALSE
"348","348",37,56862,749,"yes",11.3493782421002,81,11,560.809322238958,0,7.07484885996881,NA,NA,TRUE
"349","349",40,91564,592,"yes",25.543795066726,38,12,692.121493157776,0,8.85636630743092,NA,NA,TRUE
"350","350",33,57563,742,"yes",67.0170104482278,38,4,137.290345225662,1,28.8471218521715,4,5,FALSE
"351","351",32,32815,651,"yes",3.36618660318038,12,2,12.4915318347922,NA,NA,NA,NA,FALSE
"352","352",35,95428,716,"yes",1.50064906430849,1,0,0,5,328.430816173001,1,0,FALSE
"353","353",34,52369,660,"no",1.76853235945625,0,0,0,1,27.1756599294335,4,3,FALSE
"354","354",36,41643,694,"yes",23.7430622889527,43,3,107.556890961159,0,6.48100971081477,5,4,FALSE
"355","355",33,66208,842,"no",7.71336863499495,153,7,80.6085282542058,0,4.69949226335266,NA,NA,TRUE
"356","356",35,111481,629,"yes",5.81545596574879,0,0,0,7,571.440409997764,NA,NA,TRUE
"357","357",32,75898,682,"no",15.6339602747307,5,1,39.2876296443712,0,4.10565311419862,3,1,FALSE
"358","358",30,55763,758,"no",9.29581549625551,1,0,0,4,77.9296959584129,6,4,FALSE
"359","359",31,46374,659,"no",27.7085509372222,128,18,349.988580066612,0,3.51181396504458,4,5,FALSE
"360","360",39,41133,657,"yes",7.70638128060641,19,3,12.0051958194462,1,12.3001064798305,NA,NA,TRUE
"361","361",33,59222,704,"no",21.8471198510615,1,0,0,4,128.320154192393,NA,NA,TRUE
"362","362",32,67882,800,"no",5.5590010900071,42,3,101.329316516576,0,4.10565311419862,NA,NA,TRUE
"363","363",30,60477,791,"no",2.53583936396748,34,3,82.8474958204595,2,50.1616774388172,4,5,FALSE
"364","364",40,53150,838,"yes",7.83831763938487,3,0,0,3,48.3082471407174,NA,NA,TRUE
"365","365",35,56468,696,"yes",5.11787230673125,0,0,0,3,78.0166237483134,NA,NA,TRUE
"366","366",38,58768,715,"yes",7.52175369561037,0,0,0,3,58.9865822883317,NA,NA,TRUE
"367","367",31,81513,683,"no",1.23745268166858,1,0,0,6,247.242101276745,4,2,FALSE
"368","368",34,96813,584,"no",11.2912916024793,0,0,0,0,5.2933314125067,NA,NA,TRUE
"369","369",32,76628,681,"yes",35.1964297042807,11,2,70.6799548539662,0,4.10565311419862,4,4,FALSE
"370","370",29,55938,832,"no",8.52286405486854,41,2,49.6101435991016,1,26.1758104362587,5,5,FALSE
"371","371",31,41683,699,"no",21.1419212480811,3,0,0,6,58.885931199471,NA,NA,TRUE
"372","372",25,95849,628,"yes",9.01219948160549,2,1,42.0943370531753,2,121.789816154794,1,2,FALSE
"373","373",36,75728,656,"yes",9.67449446243043,1,0,0,0,6.48100971081477,3,1,FALSE
"374","374",41,111620,768,"yes",90.9935025875198,6,1,44.1378324709341,0,9.45020545658496,3,1,FALSE
"375","375",35,69071,656,"yes",2.41420772149848,0,0,0,3,107.447813977959,NA,NA,TRUE
"376","376",36,79024,683,"yes",9.91767644797108,0,0,0,4,222.879130725335,1,3,FALSE
"377","377",38,73135,774,"yes",22.9508804086763,1,0,0,0,7.66868800912285,3,3,FALSE
"378","378",40,105649,769,"yes",6.13923222190922,100,16,518.255478751952,0,8.85636630743092,3,1,FALSE
"379","379",32,18186,815,"no",5.13995584560641,5,0,0,NA,NA,NA,NA,FALSE
"380","380",30,31759,766,"yes",2.67408727478358,9,0,0,NA,NA,NA,NA,FALSE
"381","381",32,71960,636,"no",17.2499295777251,112,25,1314.36424531609,0,4.10565311419862,3,3,FALSE
"382","382",37,90711,817,"yes",78.008494900325,2,0,0,5,305.6366258192,3,3,FALSE
"383","383",20,26805,698,"yes",4.40382891197794,5,0,0,NA,NA,NA,NA,FALSE
"384","384",35,67556,772,"yes",26.2653496018929,0,0,0,4,138.022839901257,NA,NA,TRUE
"385","385",29,68643,671,"no",10.5477214962075,0,0,0,3,132.890377225389,NA,NA,TRUE
"386","386",25,96101,629,"no",16.5409928494087,0,0,0,1,65.2122432973357,2,2,FALSE
"387","387",32,85848,748,"no",14.0922421550795,1,0,0,4,235.227331175018,NA,NA,TRUE
"388","388",39,105630,692,"yes",16.155350736527,30,8,357.196034775536,1,76.6941159373428,1,2,FALSE
"389","389",42,97795,727,"yes",1.6373524517789,10,2,8.0773647801459,4,265.376986619436,3,2,FALSE
"390","390",34,54255,639,"yes",17.7780240815344,11,2,37.7612316568394,0,5.2933314125067,3,3,FALSE
"391","391",41,50103,691,"yes",12.9956297545605,3,0,0,0,9.45020545658496,5,3,FALSE
"392","392",47,58591,678,"yes",6.9904242712708,44,8,291.812923703494,1,40.6466236971688,5,5,FALSE
"393","393",34,61290,750,"no",6.90225567483538,7,1,25.2842509516699,1,34.7065474058215,5,4,FALSE
"394","394",41,67134,889,"yes",3.97089619370548,54,1,44.1209166696223,1,43.5297071179245,NA,NA,TRUE
"395","395",24,71490,692,"no",2.21348151529855,73,13,492.190440596942,3,129.001759195219,4,5,FALSE
"396","396",36,60300,752,"yes",51.9562981577163,40,4,131.309563464761,1,27.1302469246547,3,5,FALSE
"397","397",41,41173,753,"yes",2.15911207466047,6,1,19.3926962830232,4,52.477382603492,4,5,FALSE
"398","398",34,52792,589,"no",10.0026574876943,44,11,228.868053686592,0,5.2933314125067,3,3,FALSE
"399","399",46,84638,676,"yes",63.2418087492827,9,2,26.9457886039993,0,12.4194012023551,NA,NA,TRUE
"400","400",33,73913,740,"no",11.3267143980512,5,1,20.9431005348542,0,4.69949226335266,2,4,FALSE
"401","401",38,62523,655,"yes",2.81576979951021,2,0,0,6,182.75630438298,NA,NA,TRUE
"402","402",25,33294,597,"no",73.8230963074058,0,0,0,NA,NA,NA,NA,FALSE
"403","403",36,83300,726,"yes",6.33240532479039,11,2,52.5344021940302,1,66.4709572644451,2,3,FALSE
"404","404",36,53246,626,"no",14.1503127319215,0,0,0,5,123.549945137159,NA,NA,TRUE
"405","405",40,89873,756,"no",3.0477576713296,0,0,0,6,376.081638407557,4,3,FALSE
"406","406",42,33770,754,"yes",6.81722384476446,25,1,21.2104659729948,NA,NA,NA,NA,FALSE
"407","407",40,65519,709,"yes",51.0339897688034,16,3,34.1080645961407,3,101.900890094032,NA,NA,TRUE
"408","408",26,56218,691,"no",4.36371281420067,29,5,148.258864675279,0,0.542618219274398,5,4,FALSE
"409","409",35,62181,710,"yes",6.14065707536926,104,15,195.286788680956,1,38.4506729944252,2,3,FALSE
"410","410",33,77713,722,"yes",21.492937577139,18,2,85.2978000303668,0,4.69949226335266,3,4,FALSE
"411","411",39,72662,758,"yes",49.0556520564854,2,0,0,4,181.771019280843,NA,NA,TRUE
"412","412",43,55100,661,"yes",95.2722644186577,0,0,0,9,242.844974722924,NA,NA,TRUE
"413","413",33,79153,780,"no",0.953875842694804,31,3,114.607999813171,4,205.042194668299,5,3,FALSE
"414","414",38,65980,756,"yes",5.47506086058497,4,1,28.6198114613818,1,40.1636751889763,NA,NA,TRUE
"415","415",38,79010,775,"yes",10.9150784582956,3,0,0,3,141.759141137566,4,3,FALSE
"416","416",41,76238,719,"yes",33.1777589745141,4,1,23.2678842821882,0,9.45020545658496,NA,NA,TRUE
"417","417",32,69937,810,"no",37.3721238196718,16,1,16.9834262422928,0,4.10565311419862,3,5,FALSE
"418","418",27,30344,753,"no",7.29677238019232,25,1,27.2283655384518,NA,NA,NA,NA,FALSE
"419","419",39,47260,620,"yes",19.8089201730954,1,0,0,3,48.4655340730573,NA,NA,TRUE
"420","420",33,28115,771,"no",6.70609429390273,13,1,14.3164619638345,NA,NA,NA,NA,FALSE
"421","421",28,49756,645,"no",48.3621326260784,87,16,391.491293491841,1,20.7033094185967,3,4,FALSE
"422","422",38,61763,841,"yes",38.0449007453502,1,0,0,3,102.187359468861,4,5,FALSE
"423","423",32,67606,722,"no",1.22536831540763,0,0,0,5,164.319366900975,6,4,FALSE
"424","424",34,76822,738,"no",13.1405541921691,7,1,25.6481289894499,1,42.5174335341711,4,3,FALSE
"425","425",40,77863,879,"yes",8.84441143865535,3,0,0,3,188.094339158604,6,5,FALSE
"426","426",29,76260,621,"yes",18.9935676711492,0,0,0,4,195.006081754352,NA,NA,TRUE
"427","427",39,59313,651,"yes",5.45544707601354,90,19,-50.6403722768905,0,8.26252715827688,NA,NA,TRUE
"428","428",28,60397,724,"no",28.7399106888081,4,0,0,1,25.5838248555207,3,4,FALSE
"429","429",37,66711,714,"yes",5.07024366462846,0,0,0,4,161.140044250402,4,4,FALSE
"430","430",38,46311,840,"yes",39.3959670328317,0,0,0,0,7.66868800912285,5,4,FALSE
"431","431",38,44725,815,"no",0.779395708055091,0,0,0,3,22.2255544111012,NA,NA,TRUE
"432","432",42,99246,826,"yes",11.4241533205824,0,0,0,3,220.309228272684,NA,NA,TRUE
"433","433",36,73196,764,"yes",6.14584499691696,6,1,57.4132313389996,0,6.48100971081477,2,3,FALSE
"434","434",33,75240,765,"no",23.8744802614547,2,0,0,5,222.849499714576,4,3,FALSE
"435","435",32,83493,706,"no",4.04682004229313,0,0,0,2,107.77921806819,2,2,FALSE
"436","436",36,71186,769,"yes",108.093814510602,0,0,0,0,6.48100971081477,5,3,FALSE
"437","437",45,82756,786,"yes",6.6286284573288,4,0,0,9,447.420654965378,3,4,FALSE
"438","438",34,63208,785,"no",1.83883186334195,6,1,27.418916308097,2,64.9757710497566,4,3,FALSE
"439","439",34,100509,605,"yes",2.78646926143157,0,0,0,3,212.426147199991,2,1,FALSE
"440","440",36,56963,632,"yes",1.48774717046653,13,2,62.3224673734307,1,29.7718201444182,4,2,FALSE
"441","441",34,115681,784,"yes",8.06582653333582,7,1,54.3461036953422,0,5.2933314125067,NA,NA,TRUE
"442","442",34,81193,744,"no",4.08259895008973,0,0,0,4,206.174743354649,2,3,FALSE
"443","443",27,41697,695,"no",16.3068275236327,45,4,46.3483480079852,1,7.90538070607833,5,5,FALSE
"444","444",44,100542,848,"yes",2.64919933387424,41,5,274.407288888263,3,200.318995431158,NA,NA,TRUE
"445","445",30,32379,608,"no",3.83047670298623,4,1,17.7279828650649,NA,NA,NA,NA,FALSE
"446","446",45,36844,656,"yes",18.8397253651493,10,2,69.7429585367836,NA,NA,NA,NA,FALSE
"447","447",30,58480,781,"no",1.54472555641039,11,1,9.16972889928453,4,106.070889188116,5,4,FALSE
"448","448",43,45345,706,"yes",6.96195791420804,43,5,240.646196629951,2,38.8531952389036,NA,NA,TRUE
"449","449",37,86928,824,"yes",20.9350775803601,105,9,362.013671685092,0,7.07484885996881,NA,NA,TRUE
"450","450",32,26400,695,"no",45.7906336410775,16,2,-36.9858494249387,NA,NA,NA,NA,FALSE
"451","451",26,57794,808,"no",17.4215808758223,17,1,15.2356986281566,1,36.7863214592464,6,5,FALSE
"452","452",39,43036,622,"yes",10.0482768562427,34,6,116.763800242919,1,20.5951141150291,5,3,FALSE
"453","453",28,66197,688,"no",15.1273367769474,0,0,0,4,164.29808675514,4,4,FALSE
"454","454",36,47066,688,"yes",0.31952122783511,9,2,53.7599697206766,3,51.4611684331869,4,4,FALSE
"455","455",37,74406,677,"yes",5.27253223993758,0,0,0,1,43.0886192653884,2,3,FALSE
"456","456",39,83429,710,"yes",5.18785919788567,3,1,28.9793683252498,2,127.288014824471,NA,NA,TRUE
"457","457",28,74373,749,"no",8.77164832781945,0,0,0,3,122.104043246579,5,4,FALSE
"458","458",37,63412,662,"yes",21.78057572135,43,10,209.85444187154,1,40.5974866209832,NA,NA,TRUE
"459","459",34,65601,630,"yes",40.3617045173728,0,0,0,3,89.4356094729879,2,2,FALSE
"460","460",38,72865,641,"yes",7.96189454566319,12,2,45.9342350934314,0,7.66868800912285,4,2,FALSE
"461","461",37,101499,666,"yes",5.12532438101329,0,0,0,4,270.622459932784,2,1,FALSE
"462","462",39,29719,694,"yes",37.8076103669097,147,16,199.888657908693,NA,NA,NA,NA,TRUE
"463","463",40,42622,840,"yes",5.34320754520363,5,0,0,1,15.5750951726652,6,6,FALSE
"464","464",33,63026,641,"no",1.65497424019974,18,4,98.1898081275734,2,62.8165132431125,NA,NA,TRUE
"465","465",33,80976,661,"no",9.41430992715087,10,2,114.653198167078,2,91.6365927355372,3,1,FALSE
"466","466",36,56531,707,"no",18.2716244074623,0,0,0,3,73.3597130649142,4,5,FALSE
"467","467",44,40964,615,"yes",8.43169235750781,147,30,826.534124990598,4,71.8808583087832,6,4,FALSE
"468","468",29,39129,682,"no",5.67768568243594,14,2,57.5449723567259,0,2.32413566673651,6,5,FALSE
"469","469",38,77457,706,"yes",4.58712799591236,0,0,0,0,7.66868800912285,NA,NA,TRUE
"470","470",31,47589,778,"no",50.9409191963692,42,1,19.9124550800483,0,3.51181396504458,5,4,FALSE
"471","471",40,42062,613,"yes",3.88761675547608,1,0,0,1,21.5703484118704,4,3,FALSE
"472","472",31,47964,795,"yes",26.332366308946,5,0,0,0,3.51181396504458,NA,NA,TRUE
"473","473",34,64163,711,"no",6.74238945265044,2,0,0,5,235.728171832468,NA,NA,TRUE
"474","474",33,58783,706,"yes",30.3261653893289,1,0,0,3,81.3699498050636,5,5,FALSE
"475","475",36,91621,815,"no",1.79051668096301,2,0,0,3,197.447674471207,4,3,FALSE
"476","476",34,53525,737,"no",22.7019509377731,7,1,0.597065391540954,1,26.4179998408793,3,4,FALSE
"477","477",31,99931,724,"no",6.4497579397552,0,0,0,2,137.85284128344,2,3,FALSE
"478","478",37,47581,652,"yes",9.4483045998494,157,23,833.919714699743,1,22.0617116564743,NA,NA,TRUE
"479","479",32,66946,700,"yes",8.91288373460543,4,1,36.7232450191183,0,4.10565311419862,NA,NA,TRUE
"480","480",42,49595,686,"yes",4.29303807143882,10,1,33.4220891158535,1,16.64113513338,3,4,FALSE
"481","481",34,77643,577,"no",3.8692231555733,8,2,69.9892257985268,2,94.7187147985444,1,2,FALSE
"482","482",33,101977,765,"yes",20.9686914750014,0,0,0,2,151.474004322206,3,1,FALSE
"483","483",34,73790,674,"yes",14.039000425752,135,26,877.163914685704,1,48.6260077067078,2,3,FALSE
"484","484",33,47984,733,"yes",11.8306218881587,2,0,0,6,44.6105823925839,6,4,FALSE
"485","485",36,94984,777,"no",6.92571578945342,0,0,0,2,139.996444015052,NA,NA,TRUE
"486","486",34,58584,827,"no",1.26915233916384,5,0,0,2,47.3108335033799,6,5,FALSE
"487","487",33,37873,522,"no",1.97985546754288,2,0,0,15,-25.589134594974,3,3,FALSE
"488","488",25,54809,699,"no",6.47670938791098,0,0,0,6,151.464255335164,5,4,FALSE
"489","489",39,59092,642,"yes",1.55640768212508,0,0,0,2,55.9695736821459,NA,NA,TRUE
"490","490",37,79826,707,"yes",3.55998041464994,0,0,0,3,181.391797758386,NA,NA,TRUE
"491","491",37,45158,763,"yes",4.04822036062619,1,0,0,2,46.7201878578299,5,5,FALSE
"492","492",30,36183,604,"no",5.37330777013741,51,10,248.130026244706,NA,NA,NA,NA,TRUE
"493","493",46,99183,726,"yes",50.9050851673661,0,0,0,3,203.582085977976,NA,NA,TRUE
"494","494",39,53372,712,"yes",85.9010454525353,1,0,0,2,43.0236641722232,NA,NA,TRUE
"495","495",37,79582,694,"no",8.20820611916967,10,2,77.1655869965914,3,149.290436496248,NA,NA,TRUE
"496","496",35,48762,604,"yes",0.684775517731082,9,2,50.9931027804151,6,100.891703999815,5,4,FALSE
"497","497",36,87488,733,"yes",11.2714499816958,3,1,32.2303432508793,2,101.070410818216,3,3,FALSE
"498","498",47,58396,692,"yes",9.21191177786381,114,22,303.177703593762,1,27.7595152551514,NA,NA,TRUE
"499","499",45,95646,776,"yes",73.2159431398407,33,5,292.840010955915,1,78.0578692866425,NA,NA,TRUE
"500","500",33,30113,800,"no",1.20162191306333,18,0,0,NA,NA,NA,NA,FALSE
"501","501",37,58517,768,"yes",5.87050954691671,1,0,0,3,86.9578112265819,NA,NA,TRUE
"502","502",35,82304,841,"yes",1.95582820939358,0,0,0,5,263.453615184661,4,3,FALSE
"503","503",33,91523,621,"no",9.29958883282693,95,28,2110.05113888,0,4.69949226335266,NA,NA,TRUE
"504","504",40,68695,707,"yes",57.5224909111734,5,1,45.8369999406983,0,8.85636630743092,NA,NA,TRUE
"505","505",42,81010,813,"yes",2.67648269136842,20,3,111.444329660329,0,10.044044605739,6,5,FALSE
"506","506",35,76937,700,"yes",35.4497366239953,0,0,0,1,59.666654822306,3,2,FALSE
"507","507",40,98363,639,"yes",11.1316817676955,0,0,0,2,144.614933397229,2,1,FALSE
"508","508",45,98634,772,"yes",93.3682096539924,10,2,50.3494486294136,0,11.8255620532011,2,2,FALSE
"509","509",30,43526,745,"yes",0.575254062603187,33,2,39.2748364446913,6,104.943008350275,6,6,FALSE
"510","510",48,58995,709,"yes",7.42198845067558,0,0,0,5,157.987152550931,7,5,FALSE
"511","511",39,46984,729,"yes",1.02096428410949,9,1,30.4084515231776,3,52.5322500076141,4,4,FALSE
"512","512",25,48386,720,"no",1.07708764682705,11,1,17.4834630083905,1,17.3985223651769,7,5,FALSE
"513","513",40,91531,801,"yes",18.4786057785989,0,0,0,3,152.914354985154,NA,NA,TRUE
"514","514",34,67914,888,"yes",31.3602899480847,28,2,106.6631642099,1,38.2024680808965,NA,NA,TRUE
"515","515",26,13000,644,"no",12.78485379242,63,5,158.746157000734,NA,NA,NA,NA,TRUE
"516","516",36,97924,615,"yes",5.09477666362069,22,7,295.515031821428,0,6.48100971081477,2,1,FALSE
"517","517",35,80646,841,"yes",68.318193329051,16,1,52.2858469562302,2,93.50572623402,5,4,FALSE
"518","518",32,94233,793,"yes",62.5032137872787,0,0,0,1,62.5972270402242,NA,NA,TRUE
"519","519",27,57975,614,"yes",5.42394250876571,8,2,73.1531110148724,0,1.13645736842844,NA,NA,TRUE
"520","520",37,57459,787,"yes",2.36774597922538,27,1,38.3825761198595,1,30.3997252077198,3,5,FALSE
"521","521",37,100349,824,"yes",31.0853391922586,0,0,0,4,282.431188707953,NA,NA,TRUE
"522","522",40,88837,786,"yes",3.48487468535501,46,8,303.648281121548,1,60.2085675598278,5,3,FALSE
"523","523",29,77457,815,"no",20.6028600848384,18,2,46.465206159938,0,2.32413566673651,5,5,FALSE
"524","524",29,47820,667,"yes",15.8184702607152,26,4,170.190650248946,1,22.2368962941344,NA,NA,TRUE
"525","525",41,62356,760,"yes",2.31727064466865,41,5,298.117233120858,0,9.45020545658496,5,4,FALSE
"526","526",36,68061,677,"yes",4.77219415731814,16,2,72.925903631085,2,74.2701080411514,NA,NA,TRUE
"527","527",33,93930,766,"yes",3.52863897992367,0,0,0,1,72.4526812706939,1,2,FALSE
"528","528",42,94071,730,"yes",0.883020454671328,24,6,293.5312912125,2,124.008316511221,4,4,FALSE
"529","529",34,53268,756,"no",3.28528418023727,17,1,23.3484224480813,3,64.1621179050204,5,3,FALSE
"530","530",38,63784,627,"yes",2.88363890946053,4,1,38.5113492195924,3,117.323490221507,NA,NA,TRUE
"531","531",39,90352,817,"yes",32.5562505143556,0,0,0,5,290.713785103505,NA,NA,TRUE
"532","532",34,60474,719,"no",3.22198062748823,25,4,131.773302420342,3,87.1435291101001,5,4,FALSE
"533","533",39,70238,811,"no",55.735439798714,0,0,0,2,85.4300172448999,NA,NA,TRUE
"534","534",38,33427,797,"yes",3.75918756895581,0,0,0,NA,NA,NA,NA,FALSE
"535","535",38,59508,701,"yes",0.2383253861395,0,0,0,8,271.881028543421,3,4,FALSE
"536","536",41,64875,674,"yes",18.2887173324814,91,17,541.224353236561,1,33.4732342752089,NA,NA,TRUE
"537","537",37,65141,749,"yes",5.35455572405383,0,0,0,4,134.729869149653,6,4,FALSE
"538","538",39,53330,681,"yes",34.5174013034452,21,3,136.802642420878,0,8.26252715827688,NA,NA,TRUE
"539","539",40,69550,650,"yes",3.48054144957411,64,14,336.016804217316,0,8.85636630743092,3,4,FALSE
"540","540",31,60890,752,"no",2.24660098784155,1,0,0,0,3.51181396504458,NA,NA,TRUE
"541","541",31,47662,716,"no",1.60377096682773,0,0,0,6,84.7675265954176,NA,NA,TRUE
"542","542",42,77588,743,"yes",14.8129623414485,8,1,40.4574313919459,1,50.4384215915188,4,3,FALSE
"543","543",37,80678,794,"yes",1.66999872569154,43,4,40.8558430853034,5,251.21336459714,4,5,FALSE
"544","544",38,61251,796,"yes",5.65508254943372,0,0,0,0,7.66868800912285,4,4,FALSE
"545","545",36,59688,764,"yes",41.2676597299471,2,0,0,1,29.1441955516725,4,3,FALSE
"546","546",36,44621,625,"yes",8.26984634897398,10,2,53.4313037062259,0,6.48100971081477,NA,NA,TRUE
"547","547",42,80226,885,"yes",33.848968343257,43,4,135.163326889399,1,55.9220436608447,5,4,FALSE
"548","548",36,24885,683,"yes",7.53087562398883,0,0,0,NA,NA,NA,NA,TRUE
"549","549",39,52235,723,"yes",12.6523758547462,1,0,0,4,86.3093243026458,NA,NA,TRUE
"550","550",38,105504,735,"yes",0.973959043195581,7,2,17.1474052725978,1,74.1166650331881,4,2,FALSE
"551","551",36,71804,823,"yes",3.74394399408294,0,0,0,0,6.48100971081477,NA,NA,TRUE
"552","552",32,56908,711,"no",59.8668596514728,34,3,77.5627173346763,1,27.918987405486,4,4,FALSE
"553","553",40,76681,881,"yes",42.1232711547684,96,4,100.531709902178,0,8.85636630743092,NA,NA,TRUE
"554","554",34,77476,712,"no",7.82195957584259,3,1,17.3484915668678,0,5.2933314125067,NA,NA,TRUE
"555","555",34,98419,696,"no",10.592949276458,5,1,44.8368294682218,0,5.2933314125067,1,1,FALSE
"556","556",37,70346,764,"yes",1.48831226333729,1,0,0,3,126.661761879143,NA,NA,TRUE
"557","557",32,59152,738,"yes",53.8600422297819,0,0,0,2,52.3751515525273,5,4,FALSE
"558","558",27,22453,717,"no",14.586114897948,0,0,0,NA,NA,NA,NA,FALSE
"559","559",41,61066,729,"yes",3.75142319118226,1,0,0,3,82.4765927589875,3,5,FALSE
"560","560",38,39040,726,"yes",3.46964572360269,1,0,0,1,13.8872210492544,6,5,FALSE
"561","561",28,64733,731,"no",41.1801736206784,2,0,0,3,60.5926514438872,6,3,FALSE
"562","562",29,64481,747,"no",12.96424939468,10,1,31.7903503477112,1,31.9757271691043,3,4,FALSE
"563","563",38,61917,591,"yes",3.34581355926356,49,13,801.870958616676,3,66.8347681636584,5,4,FALSE
"564","564",24,70045,785,"yes",2.93809242074663,9,1,55.791748819673,1,27.3534923056387,5,4,FALSE
"565","565",37,91777,728,"yes",17.6896737117239,1,0,0,3,165.296555072992,NA,NA,TRUE
"566","566",33,63542,740,"no",3.49409997035914,5,1,15.8353663444281,2,68.7568711733808,5,4,FALSE
"567","567",29,60846,670,"yes",5.43908633089364,15,2,9.24976242171055,1,24.1719569203717,4,3,FALSE
"568","568",32,54255,659,"no",13.1580665820995,42,8,243.151364126673,0,4.10565311419862,5,3,FALSE
"569","569",35,84405,711,"yes",4.02499907554482,0,0,0,7,330.202698534783,3,3,FALSE
"570","570",39,68153,664,"yes",17.6270554698977,1,0,0,4,165.894186002014,4,3,FALSE
"571","571",30,60152,735,"no",4.35781440947927,19,3,53.1804603729341,1,34.1032977204222,5,4,FALSE
"572","572",38,60556,711,"yes",25.1966654416482,16,3,27.9795724811061,0,7.66868800912285,5,5,FALSE
"573","573",30,64009,851,"yes",3.69913729786038,11,0,0,5,181.186792935723,4,5,FALSE
"574","574",34,81283,728,"yes",0.954370086877155,10,2,115.141040615003,3,119.521935286015,NA,NA,TRUE
"575","575",35,85973,745,"yes",10.9595827085081,3,1,21.0392762740734,0,5.88717056166073,1,1,FALSE
"576","576",39,64935,641,"yes",16.6705930667265,3,1,43.2063495184979,1,41.5329309426707,3,3,FALSE
"577","577",32,91028,762,"yes",10.380308284527,6,1,37.2010370975966,0,4.10565311419862,2,2,FALSE
"578","578",36,89428,772,"yes",11.8978512099737,26,5,202.788506290756,1,61.8014238655436,3,2,FALSE
"579","579",38,88631,761,"yes",2.6895326883925,1,0,0,5,314.516842046108,3,2,FALSE
"580","580",36,108450,681,"yes",11.0863406618009,33,9,495.377257807711,0,6.48100971081477,NA,NA,TRUE
"581","581",39,57221,628,"yes",51.2058692404247,8,2,108.825848761523,0,8.26252715827688,NA,NA,TRUE
"582","582",37,61855,626,"yes",0.874294720620394,0,0,0,6,187.309536114268,NA,NA,TRUE
"583","583",37,70954,677,"yes",14.0000926960486,0,0,0,0,7.07484885996881,NA,NA,TRUE
"584","584",30,61978,703,"yes",10.6429101901614,0,0,0,9,279.962024286039,3,4,FALSE
"585","585",39,104861,626,"yes",10.3337416704804,3,1,28.5465502899126,0,8.26252715827688,2,0,FALSE
"586","586",34,14220,473,"yes",0.509673236150951,0,0,0,NA,NA,NA,NA,FALSE
"587","587",33,90980,724,"no",13.663163052882,0,0,0,2,133.727066746902,NA,NA,TRUE
"588","588",34,64849,659,"yes",5.43475147545541,7,1,30.5437608015612,0,5.2933314125067,3,3,FALSE
"589","589",29,63410,728,"yes",1.16244489490592,177,15,621.072631918043,2,60.1469732783986,4,4,FALSE
"590","590",45,91392,703,"yes",78.823522630013,6,1,34.7357035819244,0,11.8255620532011,6,4,FALSE
"591","591",31,65995,749,"yes",2.93580344713839,8,1,33.4455572106774,1,36.5683262224911,NA,NA,TRUE
"592","592",28,43107,861,"no",110.225604970856,45,0,0,1,16.0152028583375,8,6,FALSE
"593","593",36,45235,679,"yes",6.39255653050345,24,4,98.4737674816747,1,18.0975159816002,NA,NA,TRUE
"594","594",36,35853,741,"yes",2.65896493840716,1,0,0,NA,NA,NA,NA,FALSE
"595","595",39,140690,757,"yes",29.1756704071119,47,14,626.639217802881,0,8.26252715827688,1,1,FALSE
"596","596",31,59913,809,"no",2.02877963330581,27,2,50.0447149044492,0,3.51181396504458,4,5,FALSE
"597","597",44,82367,792,"yes",1.00337069081852,36,5,236.65244682863,1,62.074823453257,NA,NA,TRUE
"598","598",39,33442,601,"yes",4.09746425253599,0,0,0,NA,NA,NA,NA,TRUE
"599","599",38,38769,691,"yes",5.99038663662478,26,4,-25.1655652559553,1,18.2171730228855,7,5,FALSE
"600","600",40,64529,797,"yes",2.47744892991199,5,0,0,5,136.391184209317,NA,NA,TRUE
"601","601",34,66729,660,"no",15.5486184305354,1,0,0,3,118.525181388079,NA,NA,TRUE
"602","602",35,92642,709,"yes",7.93470722456036,31,6,328.106993725611,2,117.56268978737,4,3,FALSE
"603","603",35,42067,755,"yes",60.5875707068066,6,0,0,4,65.7847563870069,5,4,FALSE
"604","604",46,47175,787,"no",8.13052765870104,176,13,229.426015015724,1,25.9184757903242,NA,NA,TRUE
"605","605",39,54159,647,"yes",2.43652488589749,2,0,0,6,111.555945859192,5,4,FALSE
"606","606",36,66659,930,"yes",1.23341879007692,1,0,0,6,220.66407483923,5,5,FALSE
"607","607",34,50887,695,"no",1.89900838690329,6,1,39.1233931850344,2,52.1339451736218,NA,NA,TRUE
"608","608",24,77795,640,"no",5.42386516567116,11,2,63.4790388833368,1,44.1446895759583,4,4,FALSE
"609","609",36,107108,740,"yes",0.825245279034738,5,1,42.8979647322361,0,6.48100971081477,NA,NA,TRUE
"610","610",36,81704,825,"yes",36.2741389731493,22,2,123.962756247249,1,59.3812485846944,3,4,FALSE
"611","611",23,58864,661,"yes",14.0716107319561,0,0,0,1,30.4860306149197,4,5,FALSE
"612","612",32,39754,640,"no",18.1286022586281,190,38,449.732588926396,1,6.58065364257622,4,5,FALSE
"613","613",30,67496,710,"yes",8.26997798880866,4,0,0,1,33.3648038466435,3,3,FALSE
"614","614",36,63756,814,"yes",3.5011860592414,0,0,0,1,37.8293603266743,6,4,FALSE
"615","615",26,35264,682,"no",11.5235082004321,58,7,161.792493297166,NA,NA,NA,NA,TRUE
"616","616",40,67394,691,"yes",6.62755348160753,25,5,81.7702663128526,0,8.85636630743092,3,3,FALSE
"617","617",39,71313,850,"yes",13.4542580967765,342,29,893.794234946487,1,47.2352828210231,6,4,FALSE
"618","618",29,98971,768,"no",10.2757407728124,3,1,42.5035114983181,2,132.485650652342,5,3,FALSE
"619","619",34,37320,744,"yes",3.1858819575087,0,0,0,NA,NA,NA,NA,FALSE
"620","620",26,49268,553,"yes",22.7926380861985,1,0,0,1,13.3331271210771,3,3,FALSE
"621","621",29,52666,723,"no",40.1646459723676,109,12,344.856698762186,0,2.32413566673651,4,5,FALSE
"622","622",43,74186,740,"yes",1.48299943993116,0,0,0,5,183.78098009805,4,3,FALSE
"623","623",43,80983,842,"yes",4.07854065777183,9,1,28.0925985641598,0,10.637883754893,NA,NA,TRUE
"624","624",34,67809,641,"no",0.392001333599494,0,0,0,2,78.7406877742404,3,2,FALSE
"625","625",26,17202,770,"yes",10.8931013971176,18,0,0,NA,NA,NA,NA,TRUE
"626","626",36,90888,650,"yes",4.41477125067877,3,1,21.6798537868829,0,6.48100971081477,1,0,FALSE
"627","627",29,13000,672,"no",2.26885691218597,0,0,0,NA,NA,NA,NA,TRUE
"628","628",31,13000,689,"yes",4.54718833812231,0,0,0,NA,NA,NA,NA,FALSE
"629","629",33,48817,708,"yes",25.0803266632414,0,0,0,5,66.6908603476598,4,4,FALSE
"630","630",37,73598,821,"yes",10.4332808876963,1,0,0,2,84.6352946780979,4,3,FALSE
"631","631",27,48550,777,"no",7.54359185034794,51,1,28.3412446955853,0,1.13645736842844,4,5,FALSE
"632","632",35,67292,771,"yes",79.1569328832892,9,1,29.6553017346272,0,5.88717056166073,NA,NA,TRUE
"633","633",32,48735,623,"no",27.7551998136543,8,1,27.7783679275192,0,4.10565311419862,4,3,FALSE
"634","634",37,85067,703,"yes",12.2933295730302,6,1,31.4896871432559,0,7.07484885996881,3,2,FALSE
"635","635",38,39621,648,"yes",8.25346882644349,5,1,37.4732365383565,0,7.66868800912285,3,5,FALSE
"636","636",29,73393,766,"no",1.4987918004978,9,1,36.5583896233694,3,110.394676915744,NA,NA,TRUE
"637","637",36,60828,841,"yes",9.07310157388247,18,1,27.4046210703299,1,38.977406754756,6,5,FALSE
"638","638",30,55561,670,"no",4.97131755509622,26,4,177.414838379279,0,2.91797481589055,NA,NA,TRUE
"639","639",40,42101,705,"yes",7.24560024873186,76,10,303.011193016921,4,29.764627499122,4,6,FALSE
"640","640",37,84549,700,"no",12.3690571747435,0,0,0,2,113.536446945633,NA,NA,TRUE
"641","641",34,61106,803,"no",41.313245200018,26,1,7.84852548891047,0,5.2933314125067,4,5,FALSE
"642","642",31,49480,640,"no",8.0968490150207,1,0,0,1,22.0486646603401,5,3,FALSE
"643","643",38,111919,741,"yes",9.4590945556133,0,0,0,3,213.203836070259,NA,NA,TRUE
"644","644",38,65323,735,"yes",2.53245245864944,1,0,0,5,164.854149553173,5,4,FALSE
"645","645",36,67759,621,"yes",0.984878501480394,117,28,1177.87443506164,9,268.703280579185,NA,NA,TRUE
"646","646",37,77515,585,"yes",56.9242568537749,5,1,46.8284266181716,0,7.07484885996881,2,1,FALSE
"647","647",31,78294,743,"no",10.4098889479954,0,0,0,2,79.1014062244146,3,3,FALSE
"648","648",33,48701,762,"yes",3.31135012356909,0,0,0,2,36.0597976153226,4,5,FALSE
"649","649",29,56878,760,"yes",3.94076724365402,104,8,273.443071327386,1,24.6218453205011,NA,NA,TRUE
"650","650",39,65763,697,"yes",42.6683806708497,0,0,0,2,78.3476791325366,3,3,FALSE
"651","651",36,55841,815,"yes",18.9581890238851,0,0,0,2,30.3094437965817,NA,NA,TRUE
"652","652",37,68523,764,"yes",12.0035920189774,0,0,0,3,87.5477796199185,3,4,FALSE
"653","653",34,61436,779,"no",47.9149363608725,111,8,226.619985891727,2,59.5505566708728,3,5,FALSE
"654","654",25,75238,807,"yes",3.59224626111181,33,3,62.6213442786344,2,77.6157046102736,5,5,FALSE
"655","655",38,64661,846,"yes",19.4434237005559,3,0,0,2,80.3521698967697,NA,NA,TRUE
"656","656",33,69273,682,"no",1.76863606592328,3,1,14.104663255028,1,35.874641443159,NA,NA,TRUE
"657","657",42,85296,547,"yes",5.40628688995933,32,11,414.513473578791,0,10.044044605739,NA,NA,TRUE
"658","658",33,90595,717,"yes",23.1189647178222,81,15,790.692039512096,0,4.69949226335266,3,1,FALSE
"659","659",34,52077,720,"yes",2.4302352590179,8,1,34.8657445737622,1,15.9496606150658,4,3,FALSE
"660","660",41,86171,689,"yes",9.17613935653554,2,0,0,1,60.1164382260699,1,3,FALSE
"661","661",31,37056,673,"yes",5.36709350872446,0,0,0,NA,NA,NA,NA,FALSE
"662","662",32,53904,782,"no",2.27921104480074,0,0,0,6,63.0930154480257,5,4,FALSE
"663","663",32,23725,707,"yes",4.9546976646065,66,3,48.2649251617448,NA,NA,NA,NA,FALSE
"664","664",32,79330,670,"no",2.74772038823318,55,11,370.156599500054,1,48.8164699978063,NA,NA,TRUE
"665","665",33,77409,746,"no",1.11361322182552,108,14,606.107832242227,2,85.6161405982252,NA,NA,TRUE
"666","666",32,87073,872,"no",13.0198514578178,2,0,0,5,281.627054594586,3,4,FALSE
"667","667",29,70975,697,"no",4.85963040627405,4,1,36.3137988455242,3,106.196547820006,5,3,FALSE
"668","668",30,65972,737,"no",30.2969449737138,20,2,104.012952752981,0,2.91797481589055,NA,NA,TRUE
"669","669",31,67778,677,"yes",3.60771727153093,0,0,0,4,155.354836596861,NA,NA,TRUE
"670","670",36,87132,759,"yes",6.14405642699317,0,0,0,7,389.511961276703,3,3,FALSE
"671","671",33,57682,748,"yes",12.0158716361205,31,4,109.720387672336,0,4.69949226335266,4,4,FALSE
"672","672",36,76422,786,"yes",2.91843159066165,2,0,0,8,385.606638168778,4,3,FALSE
"673","673",44,46408,728,"yes",10.9924367158787,27,3,80.9117166477301,2,43.5924690109901,NA,NA,TRUE
"674","674",41,51725,668,"yes",6.83385858019807,0,0,0,5,70.4317630873936,4,3,FALSE
"675","675",46,57785,860,"yes",5.22475689576208,17,1,14.7122580140337,0,12.4194012023551,NA,NA,TRUE
"676","676",38,43002,778,"yes",16.0514389189618,13,1,17.8111692466134,0,7.66868800912285,NA,NA,TRUE
"677","677",30,29695,684,"yes",1.14776489435701,102,12,376.463415295607,NA,NA,NA,NA,FALSE
"678","678",32,88872,913,"no",9.06700998305275,7,0,0,2,127.013364318628,3,6,FALSE
"679","679",32,46371,740,"no",6.70213244704135,157,11,322.594623168683,0,4.10565311419862,6,4,FALSE
"680","680",37,64764,673,"yes",0.972584794351125,11,2,76.168939296395,4,144.971058613231,NA,NA,TRUE
"681","681",32,81424,653,"yes",28.7495427172205,79,17,269.308326992943,0,4.10565311419862,NA,NA,TRUE
"682","682",29,83054,753,"no",20.9680756120227,1,0,0,1,52.0952389905514,5,3,FALSE
"683","683",33,66791,671,"no",12.4748442429712,63,12,385.311878947001,1,41.9073166107873,4,1,FALSE
"684","684",35,25001,796,"yes",3.81653409489224,0,0,0,NA,NA,NA,NA,FALSE
"685","685",43,75267,827,"yes",1.40183051931247,0,0,0,5,274.738035138911,5,6,FALSE
"686","686",31,80985,750,"yes",2.03231162504065,41,6,200.574859546331,1,48.6512068475328,2,4,FALSE
"687","687",38,54233,562,"yes",17.5018703665072,0,0,0,8,182.233127754749,4,3,FALSE
"688","688",27,49025,811,"no",16.2403910728148,1,0,0,7,100.533614549681,7,6,FALSE
"689","689",31,70667,728,"no",35.0361647466296,71,11,442.844712934808,0,3.51181396504458,4,4,FALSE
"690","690",32,49331,723,"no",9.92306229343208,24,3,39.574369580296,3,53.2700446381039,NA,NA,TRUE
"691","691",34,23634,688,"yes",1.19879781057924,39,4,175.069251698991,NA,NA,NA,NA,TRUE
"692","692",34,80397,687,"no",5.21877721308446,1,0,0,5,294.95906743218,2,1,FALSE
"693","693",39,44422,896,"yes",4.50941990845235,0,0,0,3,35.2660807108267,5,6,FALSE
"694","694",30,60985,794,"no",2.66912141854408,68,4,204.816098881893,3,74.0773350786635,NA,NA,TRUE
"695","695",35,56926,689,"yes",10.6125539099013,15,2,92.422873242193,0,5.88717056166073,4,4,FALSE
"696","696",27,13000,727,"yes",17.0301540226959,0,0,0,NA,NA,NA,NA,FALSE
"697","697",32,46165,679,"no",4.86963231817395,5,1,40.081628410479,1,19.5266730260239,5,5,FALSE
"698","698",36,83769,730,"yes",13.4546119251093,22,5,141.686962465325,0,6.48100971081477,3,3,FALSE
"699","699",32,55411,624,"yes",0.404181711616629,6,1,10.8782514395613,7,150.439979925791,NA,NA,TRUE
"700","700",26,67588,693,"no",13.7564926781957,32,6,95.1323868715711,0,0.542618219274398,3,4,FALSE
"701","701",38,59782,728,"yes",33.7897795784061,8,1,32.0792714532608,0,7.66868800912285,3,4,FALSE
"702","702",42,107672,785,"yes",14.0839839582224,15,3,188.846239471707,1,86.1559173848099,NA,NA,TRUE
"703","703",32,101358,737,"yes",15.9243715459461,20,4,153.045825879307,0,4.10565311419862,2,2,FALSE
"704","704",39,98236,734,"yes",1.19352081848586,1,0,0,4,250.601008510171,2,2,FALSE
"705","705",29,43422,790,"yes",10.1767408797263,4,0,0,7,73.6280076828673,7,7,FALSE
"706","706",35,95838,685,"yes",33.4406738009097,25,6,319.388309589411,0,5.88717056166073,2,1,FALSE
"707","707",41,126944,709,"yes",10.056769743154,0,0,0,6,520.815282565468,2,0,FALSE
"708","708",31,62052,736,"yes",17.3573336669242,25,2,71.7078279132846,0,3.51181396504458,4,4,FALSE
"709","709",28,31333,810,"yes",19.3927652161817,63,1,35.4396239542,NA,NA,NA,NA,FALSE
"710","710",42,48312,749,"yes",8.52368673962207,5,0,0,3,44.9409766215205,NA,NA,TRUE
"711","711",35,59589,692,"yes",3.70599979579063,0,0,0,4,110.789230784568,3,3,FALSE
"712","712",37,67641,813,"yes",6.10026314155289,13,2,26.5914870690664,0,7.07484885996881,NA,NA,TRUE
"713","713",36,55899,664,"yes",18.8684347021152,23,4,169.498328038232,1,38.4932735822187,NA,NA,TRUE
"714","714",39,75344,767,"yes",80.5897929031791,1,0,0,5,189.949391532634,NA,NA,TRUE
"715","715",35,82092,642,"yes",84.2662006561865,76,20,854.419555868942,0,5.88717056166073,3,3,FALSE
"716","716",28,45468,640,"no",24.4392263868571,13,2,61.6912267610396,0,1.73029651758247,NA,NA,TRUE
"717","717",37,95877,846,"yes",35.5721178393176,251,29,778.418874016274,0,7.07484885996881,2,4,FALSE
"718","718",34,49559,714,"no",4.57946527552364,0,0,0,4,79.0888671625668,4,5,FALSE
"719","719",31,79630,718,"yes",1.52408034745324,37,5,287.523201375768,2,81.1456613338419,NA,NA,TRUE
"720","720",35,60787,738,"yes",7.26683061555651,20,2,50.217700039872,2,64.3595603517808,NA,NA,TRUE
"721","721",30,26705,697,"no",0.3351047006146,56,4,112.592464531247,NA,NA,NA,NA,FALSE
"722","722",32,58355,797,"no",3.69924339363349,11,1,29.9329778263156,0,4.10565311419862,NA,NA,TRUE
"723","723",32,74070,634,"yes",2.9877910503275,33,8,171.648397924535,3,103.765129530592,4,4,FALSE
"724","724",32,52106,722,"no",16.6278914490688,1,0,0,4,39.5477526053956,4,4,FALSE
"725","725",37,90528,669,"yes",3.69477379252432,12,3,131.815637897553,3,176.746456964484,NA,NA,TRUE
"726","726",42,113647,770,"no",10.5468055894001,13,2,42.5065319820056,1,87.8913272308899,4,2,FALSE
"727","727",33,96564,650,"yes",2.98289063416533,0,0,0,2,145.865645087714,NA,NA,TRUE
"728","728",42,52831,798,"yes",20.4776623170732,1,0,0,4,62.6496868679545,7,4,FALSE
"729","729",37,68519,761,"yes",9.13373901147132,0,0,0,5,194.390249189069,3,3,FALSE
"730","730",37,95139,651,"yes",15.6041499568067,30,8,341.033983645972,1,68.2080441199415,2,2,FALSE
"731","731",39,103266,694,"yes",11.1835228896621,2,0,0,2,152.13874692986,2,2,FALSE
"732","732",34,17023,653,"yes",59.5917993175655,3,0,0,NA,NA,NA,NA,FALSE
"733","733",42,26190,702,"yes",7.71524555871022,66,6,108.862502434928,NA,NA,NA,NA,TRUE
"734","734",38,78817,763,"yes",2.05397383966134,1,0,0,3,135.447677898134,NA,NA,TRUE
"735","735",29,63675,608,"no",11.1204864155042,0,0,0,1,23.9403547397922,4,2,FALSE
"736","736",41,88634,831,"yes",1.5046637888008,9,1,33.0008483020497,2,117.017393602657,4,3,FALSE
"737","737",36,60174,710,"yes",3.41376757139966,0,0,0,7,205.395898131657,4,3,FALSE
"738","738",35,81508,806,"yes",41.7616863973256,0,0,0,2,103.060490273488,4,4,FALSE
"739","739",37,83823,674,"yes",2.26861406891762,0,0,0,6,368.576066508617,3,1,FALSE
"740","740",41,60954,826,"yes",6.65946311102252,0,0,0,3,92.2731190619039,NA,NA,TRUE
"741","741",29,53819,762,"no",3.18835930284185,2,0,0,9,201.077501354857,NA,NA,TRUE
"742","742",30,56115,665,"yes",2.73576758127579,0,0,0,6,173.779076095697,4,4,FALSE
"743","743",39,100561,679,"yes",7.27899555405391,103,27,350.041307917751,0,8.26252715827688,NA,NA,TRUE
"744","744",37,78554,665,"yes",12.8031376860874,10,2,49.6084784949104,1,53.0616696776237,NA,NA,TRUE
"745","745",33,74285,624,"no",12.3579101981366,5,1,21.0137214785415,1,38.8693438217385,NA,NA,TRUE
"746","746",32,50905,787,"yes",2.01081971680497,75,7,151.890069490664,2,28.0868377995027,5,7,FALSE
"747","747",27,22082,761,"yes",4.33125749683786,31,1,9.4691309980542,NA,NA,NA,NA,TRUE
"748","748",29,75717,691,"no",33.5055914323561,6,1,33.7907406732267,0,2.32413566673651,1,3,FALSE
"749","749",38,81871,667,"yes",0.840248104476134,0,0,0,5,257.876310530938,NA,NA,TRUE
"750","750",29,13000,674,"yes",11.4012646849681,39,4,191.317471144083,NA,NA,NA,NA,FALSE
"751","751",42,39932,695,"yes",2.15735889570746,1,0,0,6,54.9756813506354,6,6,FALSE
"752","752",37,71309,824,"yes",32.7800399399826,39,3,42.7850199056644,0,7.07484885996881,NA,NA,TRUE
"753","753",41,71983,705,"yes",3.46775182511579,30,5,149.614476571462,0,9.45020545658496,6,3,FALSE
"754","754",39,116027,712,"yes",17.8865186026278,0,0,0,3,242.775310391008,0,1,FALSE
"755","755",33,99977,635,"yes",2.53559332067748,1,0,0,4,257.5250004931,NA,NA,TRUE
"756","756",30,54089,695,"no",65.7968156126114,31,4,75.4279226576728,0,2.91797481589055,5,4,FALSE
"757","757",39,65595,728,"yes",18.1372769535528,9,1,12.5402592856337,1,47.1899036748544,5,4,FALSE
"758","758",24,75422,693,"no",8.694114813442,96,16,284.742356410377,3,120.473487117598,4,4,FALSE
"759","759",35,61084,834,"yes",1.72987653118155,3,0,0,11,369.264918492042,4,3,FALSE
"760","760",32,52577,740,"no",73.9947595030082,6,1,11.3488301118676,0,4.10565311419862,4,5,FALSE
"761","761",33,63335,819,"no",2.25686802230389,25,1,37.6195602480275,0,4.69949226335266,4,3,FALSE
"762","762",44,73906,661,"yes",10.9810713522948,2,1,29.4816125533471,1,52.2952530297845,NA,NA,TRUE
"763","763",36,75948,664,"yes",4.11964147707822,45,9,231.992307304432,1,41.8011052730303,NA,NA,TRUE
"764","764",28,73186,596,"no",1.31885306071612,105,26,919.567511955262,1,37.0836515387303,4,2,FALSE
"765","765",29,41421,711,"yes",0.324419279632702,19,2,37.7463905275451,10,78.0098047749893,NA,NA,TRUE
"766","766",39,74505,705,"yes",37.2296728257189,0,0,0,3,137.60925334157,NA,NA,TRUE
"767","767",44,73707,862,"yes",107.513815335705,9,1,23.7482059086389,0,11.2317229040471,5,5,FALSE
"768","768",29,47757,801,"no",19.0251507064854,17,0,0,0,2.32413566673651,6,6,FALSE
"769","769",36,53739,839,"no",58.3078139134012,0,0,0,0,6.48100971081477,7,6,FALSE
"770","770",39,79741,593,"yes",3.1701870464207,15,4,68.1607222341942,0,8.26252715827688,NA,NA,TRUE
"771","771",41,22111,833,"yes",1.23437124085893,0,0,0,NA,NA,NA,NA,FALSE
"772","772",39,76532,674,"yes",27.0169438714243,4,1,45.7706778460708,0,8.26252715827688,3,3,FALSE
"773","773",41,75453,785,"yes",4.65200599327563,5,1,43.2176982760581,1,44.6154427033114,NA,NA,TRUE
"774","774",34,73867,709,"no",12.3616657266046,0,0,0,2,103.173963008206,3,3,FALSE
"775","775",27,50880,664,"no",9.35670529649376,8,1,35.9285989790617,0,1.13645736842844,5,3,FALSE
"776","776",37,98596,756,"yes",4.24537586756105,0,0,0,4,276.663047210168,2,2,FALSE
"777","777",43,70437,661,"yes",2.08170856036751,22,5,278.155221081795,0,10.637883754893,3,3,FALSE
"778","778",32,42655,739,"yes",19.963474020009,4,0,0,1,13.98848555719,6,4,FALSE
"779","779",44,83875,799,"yes",9.4422669824618,41,5,148.143767451007,0,11.2317229040471,4,4,FALSE
"780","780",36,58520,745,"yes",21.3283643530562,46,4,150.123437184632,0,6.48100971081477,4,4,FALSE
"781","781",34,51414,771,"no",24.3697671760183,3,0,0,1,21.6763624554057,3,3,FALSE
"782","782",34,84131,794,"no",2.77675721637695,23,3,120.045964258669,0,5.2933314125067,2,2,FALSE
"783","783",40,85732,850,"yes",0.862814173266935,0,0,0,2,114.269664976366,3,4,FALSE
"784","784",40,75136,538,"yes",3.57170957741793,4,1,23.8170705795372,2,88.9038076130103,NA,NA,TRUE
"785","785",37,28591,588,"yes",8.81458619939844,39,8,154.015023042614,NA,NA,NA,NA,FALSE
"786","786",46,77850,744,"yes",2.49183750274175,5,1,56.7632902580993,2,105.906420465384,NA,NA,TRUE
"787","787",28,77062,725,"no",0.984411797130961,69,11,484.186386348084,5,202.72051716852,4,6,FALSE
"788","788",34,15486,754,"yes",1.76158307322617,1,0,0,NA,NA,NA,NA,FALSE
"789","789",38,79644,700,"yes",23.204473646589,6,2,112.742029134639,0,7.66868800912285,5,4,FALSE
"790","790",34,63446,606,"no",3.09694712638104,85,18,575.449692231253,0,5.2933314125067,3,4,FALSE
"791","791",34,88853,735,"no",5.27625827640295,42,8,291.128353575493,1,65.9107067649105,2,3,FALSE
"792","792",25,89359,641,"no",11.4093265030484,0,0,0,5,270.530770349318,NA,NA,TRUE
"793","793",35,63050,791,"yes",1.97836584029156,29,2,-10.1381594110917,3,88.0545733716668,NA,NA,TRUE
"794","794",36,57933,776,"yes",7.86784754422362,24,2,16.7350948648991,1,33.9865439240435,NA,NA,TRUE
"795","795",40,51899,690,"yes",0.866656341272456,0,0,0,0,8.85636630743092,4,4,FALSE
"796","796",29,49018,624,"yes",10.7519073302453,1,0,0,3,56.3522852565196,4,4,FALSE
"797","797",41,88274,716,"yes",7.59284685368046,134,25,1000.9119188599,1,59.9948138282708,3,3,FALSE
"798","798",32,13000,628,"yes",20.9473451341906,0,0,0,NA,NA,NA,NA,FALSE
"799","799",40,44417,808,"yes",2.02194197374192,14,0,0,13,92.0024809262356,5,6,FALSE
"800","800",29,74749,628,"no",4.20295181895939,85,17,844.575075023122,0,2.32413566673651,1,2,FALSE
"801","801",41,89215,859,"yes",3.86386994348333,32,3,92.2546241437587,0,9.45020545658496,7,4,FALSE
"802","802",35,71445,760,"yes",1.20067445474624,4,1,18.6271496994203,1,43.8659798258823,3,5,FALSE
"803","803",27,75240,640,"no",19.17736819597,132,31,709.634997935831,0,1.13645736842844,NA,NA,TRUE
"804","804",32,77483,711,"yes",11.4378689704333,1,0,0,3,133.108552566176,4,2,FALSE
"805","805",35,56408,727,"yes",5.06875092444701,7,1,27.530711612873,2,37.5973975341164,5,4,FALSE
"806","806",32,70151,722,"no",2.3721782476421,0,0,0,5,130.917314624391,3,3,FALSE
"807","807",33,55870,656,"no",3.47890472376979,17,3,31.531069565299,1,26.6116120803532,5,4,FALSE
"808","808",30,73885,766,"yes",0.672949260021948,16,2,71.1516413092988,5,182.37718172845,NA,NA,TRUE
"809","809",28,55749,743,"no",7.78422665889871,5,1,30.5186893882836,0,1.73029651758247,4,4,FALSE
"810","810",36,65143,726,"yes",2.30379589591753,3,0,0,6,212.233621353722,NA,NA,TRUE
"811","811",36,42777,624,"yes",4.35286545461168,39,7,308.082440304423,0,6.48100971081477,NA,NA,TRUE
"812","812",24,53887,677,"yes",1.02968807484914,4,1,34.0716632100914,4,53.0444983860089,5,5,FALSE
"813","813",39,43585,746,"yes",4.09049580615113,5,1,28.8886455790704,0,8.26252715827688,5,5,FALSE
"814","814",38,31843,620,"yes",13.8413901139578,0,0,0,NA,NA,NA,NA,FALSE
"815","815",27,51335,677,"no",14.1701818741563,0,0,0,2,38.6870552850703,5,5,FALSE
"816","816",36,95689,765,"yes",42.7245973570283,0,0,0,4,299.304406842216,1,2,FALSE
"817","817",36,96035,581,"yes",4.2319414062833,3,1,42.6133221319255,0,6.48100971081477,NA,NA,TRUE
"818","818",39,68104,769,"yes",13.1497861624551,54,6,244.576963899583,1,36.8274592958647,4,4,FALSE
"819","819",41,64627,743,"yes",1.6743542680171,62,9,263.217328417211,2,51.3658827063474,3,4,FALSE
"820","820",35,31267,604,"yes",1.99778909069535,0,0,0,NA,NA,NA,NA,TRUE
"821","821",32,54248,668,"no",61.882839251807,20,3,77.9242169470797,0,4.10565311419862,2,4,FALSE
"822","822",31,41266,684,"no",7.26219128258906,0,0,0,2,14.4152372953287,NA,NA,TRUE
"823","823",29,68521,871,"no",31.3835356040504,0,0,0,5,214.733946008127,6,6,FALSE
"824","824",35,96827,767,"yes",27.7590165609848,7,1,64.7545859608507,0,5.88717056166073,3,2,FALSE
"825","825",35,89118,828,"yes",3.96668929111879,39,4,214.193268003952,0,5.88717056166073,4,3,FALSE
"826","826",18,51339,803,"yes",2.88471349034042,140,6,123.267298769598,6,74.7397500929251,7,8,FALSE
"827","827",33,39193,734,"no",7.69419745354292,16,1,21.813501530579,2,37.5737097462816,NA,NA,TRUE
"828","828",33,47974,666,"no",11.5720810350226,8,1,13.0147601989879,0,4.69949226335266,5,5,FALSE
"829","829",34,66669,712,"no",15.0993861605389,0,0,0,2,77.6252044377215,4,3,FALSE
"830","830",34,83208,777,"yes",20.0444959899371,10,1,26.0863053127108,0,5.2933314125067,NA,NA,TRUE
"831","831",28,44144,778,"no",2.05441936353482,76,3,98.9636414884107,2,28.8994372253677,6,6,FALSE
"832","832",38,74047,655,"yes",1.85626725532812,29,7,133.50776057336,1,50.1815674164302,3,3,FALSE
"833","833",35,99972,759,"yes",23.0038448966704,1,0,0,5,310.555754641845,2,2,FALSE
"834","834",34,60196,740,"no",99.3021986286673,14,2,10.332912559058,0,5.2933314125067,NA,NA,TRUE
"835","835",36,62644,861,"yes",3.00662755704963,0,0,0,4,150.102554969179,NA,NA,TRUE
"836","836",38,76323,719,"yes",14.9467078951186,0,0,0,1,58.6958908496192,4,2,FALSE
"837","837",38,55666,794,"yes",23.1907322833377,23,2,51.4617595877454,0,7.66868800912285,NA,NA,TRUE
"838","838",34,65994,730,"no",16.498791163319,0,0,0,2,75.3975819362803,NA,NA,TRUE
"839","839",36,65469,723,"yes",6.66119968775951,0,0,0,6,111.165446461078,NA,NA,TRUE
"840","840",37,91572,825,"yes",9.12133399278395,9,1,34.5051523476602,2,122.586770508267,3,4,FALSE
"841","841",36,55077,776,"yes",8.21956491924455,9,1,30.3349454116818,2,51.6586707503243,5,4,FALSE
"842","842",41,71438,631,"yes",4.09193039222746,51,11,400.71058455081,0,9.45020545658496,3,3,FALSE
"843","843",35,67986,669,"yes",15.0679508491043,17,3,85.3884073157056,1,42.6739739141764,4,3,FALSE
"844","844",33,72617,681,"yes",10.3675414362599,11,2,67.7101126660133,0,4.69949226335266,1,3,FALSE
"845","845",42,57851,772,"yes",12.4642004237669,0,0,0,4,123.948240296383,NA,NA,TRUE
"846","846",46,110962,648,"yes",22.3224221448787,8,2,113.634834935641,0,12.4194012023551,2,2,FALSE
"847","847",43,35503,653,"yes",9.95917530931637,31,5,151.217851132428,NA,NA,NA,NA,FALSE
"848","848",34,46095,685,"no",9.17558333310005,5,1,31.3418769093915,4,92.21397169688,4,4,FALSE
"849","849",36,67604,703,"yes",1.00740950292871,6,1,51.4229832850033,3,93.9756633846388,4,3,FALSE
"850","850",37,43884,824,"yes",1.31413506021008,4,0,0,1,25.8876833005131,NA,NA,TRUE
"851","851",28,70665,679,"no",15.5565739354497,0,0,0,3,110.654812211015,6,3,FALSE
"852","852",35,41658,690,"yes",1.45265598893784,0,0,0,2,18.5544082742914,NA,NA,TRUE
"853","853",29,77206,735,"no",0.451504412801882,73,11,417.459453478558,2,100.876236487649,NA,NA,TRUE
"854","854",35,107270,589,"yes",3.52364469443951,383,128,5153.25664148731,1,73.4501576005306,0,0,FALSE
"855","855",36,86169,595,"yes",3.11341528267986,0,0,0,4,211.042190110889,3,1,FALSE
"856","856",40,59310,747,"yes",7.46209151184848,4,1,14.2330186351993,3,84.7133300056688,5,4,FALSE
"857","857",37,72966,812,"yes",17.4659896456203,10,1,42.4023274288354,0,7.07484885996881,NA,NA,TRUE
"858","858",44,31555,744,"yes",26.2408835106112,156,16,357.039207566271,NA,NA,NA,NA,TRUE
"859","859",37,83142,773,"yes",4.06839080145308,16,2,84.5244593504497,2,118.54910978585,NA,NA,TRUE
"860","860",31,64999,679,"yes",60.3929473310488,28,4,132.429822379916,1,33.8504065550749,3,3,FALSE
"861","861",40,60710,780,"yes",130.111679944395,0,0,0,2,62.7905549033583,5,5,FALSE
"862","862",34,65774,725,"no",10.1578704403848,0,0,0,5,210.37068929147,NA,NA,TRUE
"863","863",42,99537,886,"yes",12.4561200217115,45,5,225.348236523802,1,75.4087948846976,3,3,FALSE
"864","864",36,48973,744,"yes",35.5794918236602,0,0,0,5,117.152798607472,5,4,FALSE
"865","865",34,71801,652,"no",1.14101024860416,2,0,0,6,242.131935210255,2,3,FALSE
"866","866",39,88243,657,"yes",0.768791812030449,6,2,103.66282001422,4,191.09752058991,NA,NA,TRUE
"867","867",31,27221,701,"yes",0.538116648769416,2,0,0,NA,NA,NA,NA,FALSE
"868","868",28,33420,781,"no",10.5806699374538,0,0,0,NA,NA,NA,NA,FALSE
"869","869",41,53978,725,"yes",51.8684776131609,0,0,0,1,36.1075432670925,NA,NA,TRUE
"870","870",31,66143,610,"no",22.0068785634277,18,4,120.209966916637,1,43.7184053692501,3,2,FALSE
"871","871",32,71327,637,"yes",2.97457644469843,76,16,574.176875353885,1,36.8443731917575,3,3,FALSE
"872","872",35,55700,642,"yes",31.9463373182056,1,0,0,1,24.5676473325744,4,1,FALSE
"873","873",37,64938,718,"yes",27.9011076862667,5,1,32.2332036872512,0,7.07484885996881,4,4,FALSE
"874","874",35,31105,725,"yes",13.1599228377362,10,1,30.216707992062,NA,NA,NA,NA,FALSE
"875","875",40,68787,687,"yes",5.83602619236835,1,0,0,1,43.2332224143248,4,4,FALSE
"876","876",35,41784,680,"yes",6.57189782697155,3,0,0,2,17.980925436819,4,4,FALSE
"877","877",42,61873,659,"yes",1.73251688601532,0,0,0,4,136.197835607858,NA,NA,TRUE
"878","878",34,46413,833,"no",27.4254384458247,8,0,0,2,31.9039712219485,7,5,FALSE
"879","879",40,96567,760,"yes",1.89314267383927,38,6,367.392557932606,5,317.069486207273,4,3,FALSE
"880","880",29,52637,798,"no",0.965865598119389,0,0,0,3,65.0462515616024,6,5,FALSE
"881","881",37,45202,682,"yes",8.54894503418726,44,5,262.804677669919,2,50.7858337498646,4,5,FALSE
"882","882",34,52247,694,"no",1.93024531753707,0,0,0,4,76.4833369970759,3,3,FALSE
"883","883",36,87366,608,"yes",11.1358037561459,203,56,1658.52996394499,0,6.48100971081477,NA,NA,TRUE
"884","884",25,62429,746,"no",30.6080208743144,26,3,72.6297797707083,0,-0.0512209298796398,5,5,FALSE
"885","885",32,79041,716,"no",36.6323856593734,9,1,25.38596476837,0,4.10565311419862,5,2,FALSE
"886","886",28,55249,636,"no",5.05765456398911,3,1,18.7155459329336,0,1.73029651758247,3,5,FALSE
"887","887",41,73065,652,"yes",1.47479647822281,2,1,55.1117735381372,3,142.88569300368,NA,NA,TRUE
"888","888",39,104491,859,"yes",3.60718962880771,1,0,0,3,210.069609866662,2,2,FALSE
"889","889",36,57440,807,"yes",21.2221873344261,10,1,4.7643164711059,0,6.48100971081477,NA,NA,TRUE
"890","890",33,16995,791,"no",12.2659443311803,1,0,0,NA,NA,NA,NA,FALSE
"891","891",38,55325,767,"yes",3.72175087657011,20,2,70.9915908508484,1,27.1196546937815,5,5,FALSE
"892","892",30,66196,627,"no",26.155626443935,9,2,106.930733413089,0,2.91797481589055,4,3,FALSE
"893","893",44,60763,630,"yes",0.952509281524617,17,4,51.1708014579629,2,52.9766230699874,NA,NA,TRUE
"894","894",44,73259,702,"yes",24.1868385628792,2,0,0,1,39.3779151344707,NA,NA,TRUE
"895","895",30,104856,668,"no",1.06270131482378,0,0,0,3,217.883519362611,2,1,FALSE
"896","896",33,60598,641,"yes",1.22811987946338,8,2,10.5262182261529,0,4.69949226335266,2,2,FALSE
"897","897",38,68698,795,"yes",7.92062609900774,2,0,0,2,70.1699089295938,6,4,FALSE
"898","898",39,59306,663,"yes",10.0950395205441,100,17,447.741149433721,0,8.26252715827688,3,4,FALSE
"899","899",32,13000,685,"no",22.6006040885083,0,0,0,NA,NA,NA,NA,FALSE
"900","900",43,81897,803,"yes",45.3261773408932,0,0,0,4,222.196542508722,7,5,FALSE
"901","901",47,60505,636,"yes",13.4422173558021,33,8,422.301986451082,0,13.0132403515092,4,4,FALSE
"902","902",37,74578,645,"yes",8.27107291529174,18,4,110.155610104197,1,43.6732490934613,NA,NA,TRUE
"903","903",35,99726,686,"no",14.923853646763,0,0,0,3,203.743383518917,NA,NA,TRUE
"904","904",38,58669,624,"yes",1.00725260833161,0,0,0,3,78.1999957089485,2,2,FALSE
"905","905",23,57475,729,"yes",0.447525934701256,1,0,0,8,189.166807272276,NA,NA,TRUE
"906","906",33,78804,761,"no",1.72288284987559,14,2,85.9799788990528,5,215.618515272296,4,3,FALSE
"907","907",32,91114,857,"no",4.51393896819156,148,18,954.692086213276,1,62.6185117436462,4,4,FALSE
"908","908",32,82227,635,"yes",75.0245408817078,0,0,0,2,113.311588708223,3,1,FALSE
"909","909",38,70557,684,"yes",3.95886367361918,2,0,0,3,145.674151648005,3,3,FALSE
"910","910",34,82332,657,"no",5.84332670900742,30,7,94.8782999288242,0,5.2933314125067,2,2,FALSE
"911","911",48,82576,859,"yes",14.3219116450385,0,0,0,2,107.3662582097,6,4,FALSE
"912","912",36,82412,801,"no",7.62936956756141,10,1,43.8070896257963,1,53.6915503149817,NA,NA,TRUE
"913","913",35,94409,792,"yes",0.928580551307621,113,16,936.30639688871,0,5.88717056166073,2,2,FALSE
"914","914",34,53565,676,"no",6.66126158932289,3,0,0,4,99.6851203751517,3,3,FALSE
"915","915",44,51615,633,"yes",20.512648099136,0,0,0,1,31.0640279057236,4,4,FALSE
"916","916",29,90220,696,"yes",2.34420902739594,3,1,36.0240280342037,1,65.3969842709179,NA,NA,TRUE
"917","917",26,78086,777,"no",8.135009196077,0,0,0,2,78.7478256916597,3,4,FALSE
"918","918",29,59888,727,"yes",1.41012064422817,11,1,29.1653375334096,2,58.9310206751434,5,4,FALSE
"919","919",29,89043,738,"no",0.524084767716227,0,0,0,4,193.855892981805,NA,NA,TRUE
"920","920",41,75704,710,"yes",3.37703661685578,2,0,0,5,228.296874190199,NA,NA,TRUE
"921","921",34,58536,733,"no",10.9772556369737,5,1,15.407665552592,1,37.9479030915959,3,3,FALSE
"922","922",37,88473,663,"yes",15.1803459138034,10,2,46.5790923479448,0,7.07484885996881,1,2,FALSE
"923","923",38,94271,704,"yes",3.98325381741358,3,1,39.2602429700987,2,132.854874474746,2,1,FALSE
"924","924",34,63501,715,"no",23.0720505030907,0,0,0,1,31.8461696004987,2,4,FALSE
"925","925",35,60822,684,"yes",2.65643555777641,0,0,0,4,131.025189717035,3,4,FALSE
"926","926",47,77722,639,"no",18.979117036122,0,0,0,2,107.440072859149,NA,NA,TRUE
"927","927",36,81403,686,"yes",42.0367453639312,0,0,0,3,153.263191220518,3,3,FALSE
"928","928",37,50066,656,"yes",10.1894927919324,0,0,0,4,75.290209822837,NA,NA,TRUE
"929","929",37,64232,690,"yes",4.93826664930275,3,1,46.9606895182648,1,37.0370657567466,4,4,FALSE
"930","930",39,55527,753,"yes",0.502205772731085,3,0,0,2,52.7051889940299,NA,NA,TRUE
"931","931",43,76649,734,"yes",13.7891296196212,18,4,73.3209521553809,2,100.166197943442,4,4,FALSE
"932","932",29,47539,698,"no",15.3050677952927,4,1,8.11732631970615,1,16.1116854349995,NA,NA,TRUE
"933","933",31,44218,834,"no",11.3394056305256,1,0,0,11,49.9976208929395,6,6,FALSE
"934","934",38,50441,739,"yes",20.6708454397809,1,0,0,2,28.4024906839506,5,6,FALSE
"935","935",31,77411,574,"yes",4.22014240190705,18,5,101.879955082493,1,48.9188132588384,4,4,FALSE
"936","936",45,83131,694,"yes",20.3570988555673,61,14,360.51871985322,2,114.13449944727,3,4,FALSE
"937","937",32,41118,751,"no",30.9249973139731,3,0,0,6,34.1227926934097,NA,NA,TRUE
"938","938",39,68044,711,"yes",7.82594641405837,0,0,0,7,210.275095705749,4,4,FALSE
"939","939",28,47981,687,"no",1.01360524922357,2,0,0,2,36.6749810874092,NA,NA,TRUE
"940","940",39,100441,765,"yes",32.6823725659508,127,26,1010.41817941094,1,74.3312512261034,NA,NA,TRUE
"941","941",46,79811,720,"yes",4.97710766437698,8,2,104.190015021928,1,55.3618724482638,NA,NA,TRUE
"942","942",36,60233,729,"yes",45.2774751723617,37,6,183.704879592786,0,6.48100971081477,4,4,FALSE
"943","943",32,74228,675,"no",12.235260519084,2,0,0,2,108.748171230073,NA,NA,TRUE
"944","944",32,50159,680,"no",13.4079565639425,3,0,0,6,169.449806960318,NA,NA,TRUE
"945","945",37,46545,721,"yes",22.3217180552495,2,0,0,0,7.07484885996881,5,4,FALSE
"946","946",46,99429,690,"yes",12.4789430210492,4,1,57.7836982828347,2,149.11374354475,3,2,FALSE
"947","947",27,69114,609,"no",7.81382117557319,0,0,0,0,1.13645736842844,5,3,FALSE
"948","948",40,72943,742,"yes",1.54977340218242,0,0,0,3,121.498183439545,NA,NA,TRUE
"949","949",36,88497,780,"yes",8.8862010771875,2,0,0,5,287.016885052887,NA,NA,TRUE
"950","950",37,97441,796,"yes",1.44223155497833,133,16,460.721968595333,1,75.9478869480415,5,1,FALSE
"951","951",43,51005,799,"yes",5.71849354754695,0,0,0,0,10.637883754893,7,6,FALSE
"952","952",33,67936,696,"no",176.826854505514,0,0,0,2,89.2060939347052,NA,NA,TRUE
"953","953",27,42480,759,"no",4.85582653510404,7,1,24.5916933528152,1,14.0240741429937,6,5,FALSE
"954","954",38,81066,643,"yes",10.4181255754157,1,0,0,1,54.7350713354962,NA,NA,TRUE
"955","955",39,79434,732,"yes",5.05568421164835,0,0,0,2,102.815052697531,3,3,FALSE
"956","956",43,91853,553,"yes",1.36719285938243,0,0,0,5,307.845269893812,1,2,FALSE
"957","957",29,65610,782,"yes",7.28870567278484,14,1,26.3375487603981,0,2.32413566673651,5,4,FALSE
"958","958",28,18539,696,"no",28.2217584575659,14,2,21.7733877974123,NA,NA,NA,NA,TRUE
"959","959",28,68109,647,"no",15.923599649826,0,0,0,3,114.099867662577,6,4,FALSE
"960","960",30,72502,701,"no",3.81568751587326,4,1,41.7255728621223,3,131.776649583688,NA,NA,TRUE
"961","961",32,47515,698,"no",37.7192257043987,51,7,74.5731439230724,0,4.10565311419862,NA,NA,TRUE
"962","962",48,87214,730,"yes",13.7575844186025,0,0,0,3,200.358431550003,NA,NA,TRUE
"963","963",36,24109,849,"yes",1.77385229148227,218,0,0,NA,NA,NA,NA,TRUE
"964","964",46,92542,661,"yes",22.5371297526208,0,0,0,1,77.2786777320917,NA,NA,TRUE
"965","965",37,102466,618,"yes",4.42836612823067,3,1,38.2372030190474,1,76.3290298969296,NA,NA,TRUE
"966","966",45,90201,581,"yes",1.74974786328455,0,0,0,3,182.390491597993,0,2,FALSE
"967","967",40,81264,698,"yes",23.2940020788488,5,1,16.3762697396143,0,8.85636630743092,3,3,FALSE
"968","968",33,34869,675,"no",1.34231986336654,6,1,14.5134686166835,NA,NA,NA,NA,FALSE
"969","969",40,56800,634,"yes",10.1424404714122,2,0,0,3,65.8589478600504,NA,NA,TRUE
"970","970",42,89481,796,"yes",3.69013983348635,6,1,35.9942595788201,2,131.691967498449,3,4,FALSE
"971","971",38,34172,749,"yes",10.0335344507577,2,0,0,NA,NA,NA,NA,FALSE
"972","972",45,67100,807,"yes",26.7041528420974,26,3,138.248287006991,2,78.6594872854214,NA,NA,TRUE
"973","973",39,93479,734,"yes",46.1148127176282,11,2,141.78061223055,1,62.5551725572691,2,2,FALSE
"974","974",37,92197,665,"yes",6.0111818177728,0,0,0,5,274.659108283835,NA,NA,TRUE
"975","975",20,19875,596,"no",3.13123235493636,3,0,0,NA,NA,NA,NA,TRUE
"976","976",27,75157,676,"no",8.70050308429762,205,39,985.243157292617,0,1.13645736842844,2,3,FALSE
"977","977",37,72801,643,"no",45.6908428141846,61,14,481.420789172659,1,45.1143159049786,NA,NA,TRUE
"978","978",31,99472,849,"no",1.79416634528069,2,0,0,3,201.581827420428,4,2,FALSE
"979","979",38,78784,820,"yes",20.7046720885778,0,0,0,1,59.4798799693662,NA,NA,TRUE
"980","980",43,71672,722,"yes",8.52895746271267,78,15,573.22771119623,2,80.8101446459724,NA,NA,TRUE
"981","981",33,83837,699,"no",5.65218296979456,273,54,2390.76823658358,3,147.575418544076,4,4,FALSE
"982","982",28,28906,780,"no",0.980761145719011,1,0,0,NA,NA,NA,NA,FALSE
"983","983",34,70685,845,"no",28.8900711395767,3,0,0,3,112.891652046357,NA,NA,TRUE
"984","984",31,39213,684,"yes",5.85272329594633,12,1,17.3227677140571,3,11.0247234833805,5,5,FALSE
"985","985",31,96923,580,"yes",2.10254967914581,7,2,81.5557257466867,2,127.41748656147,3,1,FALSE
"986","986",39,45520,626,"yes",7.16909958721842,0,0,0,3,41.6308303875908,NA,NA,TRUE
"987","987",29,59470,603,"no",4.14046192627005,21,4,148.884387178215,1,24.3699084577511,4,5,FALSE
"988","988",33,74437,834,"no",45.5476893787675,22,2,97.7317692335432,2,81.1854157145192,5,6,FALSE
"989","989",35,30891,669,"yes",4.94858509943754,1,0,0,NA,NA,NA,NA,FALSE
"990","990",34,41569,678,"no",4.96294887219976,53,6,295.418481604712,2,28.0267241900226,6,5,FALSE
"991","991",38,61841,772,"yes",1.79284242621561,42,5,97.7739565681937,3,71.5870573858851,7,5,FALSE
"992","992",33,19384,616,"no",12.2539244113257,3,0,0,NA,NA,NA,NA,FALSE
"993","993",45,76757,744,"yes",29.7457250285732,17,3,23.2573117117206,0,11.8255620532011,5,3,FALSE
"994","994",31,79162,767,"no",19.6784576536523,0,0,0,2,97.0087304562327,NA,NA,TRUE
"995","995",48,104547,792,"yes",5.20647998995403,18,3,84.930931172469,0,13.6070795006632,NA,NA,TRUE
"996","996",37,72269,814,"yes",6.74609352473288,0,0,0,4,148.230162020517,4,2,FALSE
"997","997",36,78993,827,"yes",13.3502756587397,8,1,35.3978987195576,2,76.5579824316955,4,4,FALSE
"998","998",30,63265,814,"yes",6.68369705193543,9,0,0,0,2.91797481589055,4,4,FALSE
"999","999",40,95966,774,"yes",6.02296985528478,110,19,856.556049608594,1,76.8939281224526,NA,NA,TRUE
"1000","1000",43,105749,907,"yes",11.2814650656173,3,0,0,3,232.173177370153,3,3,FALSE
