"","X","iid","age","white","college","male","hh_inc","segment","log_spend_online","log_spend_retail"
"1",1,14,29,0.3241053,0.2868369,0,40.322,4,2.7710250002636,4.77912349311153
"2",2,19,55,0.8723629,0.517023,0,72.5,3,5.15314707538487,0
"3",3,20,47,0.9808348,0.5246835,0,90.582,1,0,4.53259949315326
"4",4,27,40,0.4638865,0.1825573,0,52.621,3,3.93084475966873,0
"5",5,58,49,0.76072,0.5241683,0,32.278,4,5.68680585044908,4.31748811353631
"6",6,77,38,0.8887451,0.9465517,0,110,1,0,4.46562072103801
"7",7,82,40,0.9015385,0.7931035,0,112.556,1,0,6.42806488414686
"8",8,99,24,0.9152348,0.0578125,0,42.745,3,3.55534806148941,0
"9",9,143,53,0.9380531,0.3482587,0,82.917,3,6.40357419793482,0
"10",10,148,31,0.957914,0.1487985,0,34.559,4,1.78758409781757,4.4534748227359
"11",11,155,41,0.8142753,0.7763578,0,39.225,4,6.12249280951439,3.80666248977032
"12",12,159,21,1,0.1774193,0,32.438,3,4.18965474202643,0
"13",13,166,41,0.3051225,0.7797357,0,104.286,3,3.2561716096119,0
"14",14,173,42,0.9571865,0.3553191,0,36.494,4,5.410641082757,3.58115503552676
"15",15,180,70,0.7708049,0.9392523,0,94.737,4,3.58282425277343,5.89143700804011
"16",16,197,34,0.3511831,0.5755627,0,43.451,3,4.06044301054642,0
"17",17,199,41,0.6403464,0.7028232,0,148.603,3,3.58282425277343,0
"18",18,200,51,0.913936,0.5323097,0,124.25,1,0,3.55534806148941
"19",19,206,23,0.4465959,0,0,27.475,3,4.48863636973214,0
"20",20,219,55,0.9408867,0.3237339,0,74.196,3,4.94146383523496,0
"21",21,227,37,0.8699473,0.6421875,0,69.469,4,4.95582705760126,2.94443897916644
"22",22,229,46,0.9533437,0.4542334,0,39.688,4,6.41126803425743,5.32751202482731
"23",23,244,40,0.8022599,0.866485,0,93.516,4,3.25713453698529,5.3461546959622
"24",24,250,20,0.9367232,0.5462478,0,140.625,3,4.80340610159612,0
"25",25,275,21,0.9311023,0.5401869,0,111.25,4,4.91968891239343,4.91540844415324
"26",26,276,42,0.8854912,0.6130804,0,124.479,4,5.12426155417111,4.49925396039654
"27",27,279,24,0.9468439,0.2523316,0,83.372,1,0,4.17438726989564
"28",28,300,34,0.8560381,0.5647059,0,25.234,4,5.87190649954964,5.10594547390058
"29",29,303,39,0.6922652,0.5997035,0,39.124,4,6.38008016312065,6.12446454856923
"30",30,341,26,0.6313869,0.2479523,0,39.542,3,5.32702629318449,0
"31",31,342,28,0.9161291,0.7458194,0,76.493,1,0,4.68213122712422
"32",32,387,34,0.9427374,0.5036101,0,125.875,4,6.17378610390194,5.93489419561959
"33",33,396,43,0.7690217,0.3753623,0,106.797,4,6.31037272040657,4.7870749892857
"34",34,403,51,0.7989691,0.6963056,0,115.982,4,4.26056496613669,4.45260147086124
"35",35,404,59,0.9529541,0.8392857,0,194,1,0,3.82809777049038
"36",36,406,56,0.9622111,0.4154867,0,121.071,4,4.44206284811794,4.09392780872576
"37",37,421,42,0.8664938,0.3793103,0,59.655,3,6.02144801644724,0
"38",38,436,38,0.7280084,0.4116685,0,101.797,1,0,5.19267903452504
"39",39,443,29,0.7950071,0.6655454,0,72.604,4,3.4323729991306,3.25713453698529
"40",40,452,34,0.9464735,0.3421728,0,37.798,3,5.73009978297357,0
"41",41,461,37,0.9106042,0.257099,0,36.542,4,5.4862481621065,4.0943445622221
"42",42,475,42,0.90935,0.5578656,0,74.891,3,5.04277974742282,0
"43",43,478,22,0.3068089,0.2982216,0,55.743,4,3.4307561839037,3.8275538488017
"44",44,490,47,0.9598506,0.4358354,0,83.75,4,5.1645002188137,4.77068462446567
"45",45,501,56,0.9465829,0.7351351,0,174.013,1,0,4.54329478227
"46",46,521,58,0.9700487,0.3109162,0,64.762,4,6.04500531403601,7.29639970935996
"47",47,531,19,0.7730239,0.549121,0,73.068,3,4.36944785246702,0
"48",48,556,25,0.9663191,0.4200398,0,94.286,3,4.5681949498632,0
"49",49,577,57,0.9593853,0.3020833,0,54.773,1,0,2.99573227355399
"50",50,583,44,0.6706383,0.3411765,0,57.955,1,0,4.30406509320417
"51",51,596,34,0.9613075,0.790469,0,117.396,1,0,4.36944785246702
"52",52,603,40,0.34375,0.2738007,0,53.396,1,0,5.94803498918065
"53",53,610,47,0.9754369,0.0722812,0,38.51,3,4.44265125649032,0
"54",54,619,27,0.8256049,0.4994246,0,39.444,1,0,3.80666248977032
"55",55,647,54,0.9655814,0.8645161,0,65.99,1,0,3.91202300542815
"56",56,663,58,0.600907,0.233631,0,31.579,3,3.68887945411394,0
"57",57,678,50,0.9495114,0.2494481,0,57.222,3,3.25713453698529,0
"58",58,700,21,0.7572488,0.6248085,0,50.313,4,4.48751214251986,5.1469129123888
"59",59,716,43,0.9324074,0.9226667,0,248.359,4,4.96284463025991,4.53259949315326
"60",60,725,32,0.965888,0.245471,0,53.866,3,3.91202300542815,0
"61",61,735,40,0.7550052,0.6917293,0,71.25,4,4.44235709558218,5.31799743731486
"62",62,760,22,0.7738826,0.7322835,1,152.115,2,0,3.66292041494384
"63",63,777,36,0.8838863,0.2426667,0,42.244,3,4.61462534475885,0
"64",64,798,22,0.9295523,0.6496815,0,107.379,3,4.43022138352355,0
"65",65,804,23,0.940501,0.3068592,0,78.901,4,5.1681232561401,5.74218554593915
"66",66,807,31,0.9782197,0.7206704,0,159.402,1,0,4.36944785246702
"67",67,814,52,0.9636363,0.629682,0,151.875,3,5.21384820992159,0
"68",68,828,25,0.4204793,0.5013227,0,53.836,3,4.36881474070165,0
"69",69,840,38,0.6381617,0.8813559,0,86.01,3,3.2188758248682,0
"70",70,843,48,0.7232947,0.4365782,0,93.25,3,2.94443897916644,0
"71",71,851,25,0.9285714,0.4512906,0,80.5,4,7.59425541682029,4.91375721911977
"72",72,855,25,0.7260921,0.2621849,0,61.377,1,0,2.7710250002636
"73",73,876,21,0.9152907,0.7475833,0,215.417,1,0,4.89016114062838
"74",74,881,26,0.7863706,0.9003021,0,101.25,1,0,3.04333125235327
"75",75,887,51,0.7877759,0.7773913,0,53.078,4,6.67834211465433,6.09351333504413
"76",76,913,54,0.9745455,0.7997076,0,133.438,1,0,4.17438726989564
"77",77,930,29,0.448592,0.6492395,0,57.58,1,0,4.92985898406897
"78",78,931,22,0.8880847,0.452381,0,7.83,1,0,3.68887945411394
"79",79,941,40,0.8008497,0.3639871,0,60.703,3,2.56494935746154,0
"80",80,949,31,0.8463476,0.4288135,0,65.096,3,3.80666248977032,0
"81",81,961,39,0.297619,0.2976744,0,47.143,3,6.02451240115418,0
"82",82,968,27,0.9114315,0.4564315,0,98.672,3,3.4323729991306,0
"83",83,980,59,0.9941263,0.8208641,0,250.001,1,0,4.17438726989564
"84",84,984,53,0.9865073,0.6587983,0,100.733,1,0,3.93084475966873
"85",85,988,32,0.8900408,0.4825618,0,83.684,1,0,3.2188758248682
"86",86,997,52,1,0.7832168,0,155,1,0,2.7710250002636
"87",87,1010,30,0.8379141,0.4136516,0,96.194,3,3.25713453698529,0
"88",88,1029,39,0.7159443,0.2829006,0,35.885,3,4.44265125649032,0
"89",89,1030,40,0.7532214,0.5238795,0,96.125,3,3.04213864636815,0
"90",90,1031,40,0.4503956,0.212491,0,23.409,3,5.21003245168046,0
"91",91,1045,36,0.7847222,0.0678354,0,16.22,4,3.25713453698529,3.58143343196509
"92",92,1049,46,0.815052,0.759384,0,100.671,1,0,3.68887945411394
"93",93,1055,52,0.9821306,0.4966635,0,108.594,1,0,4.55387689160054
"94",94,1068,40,0.4885375,0.491954,0,42.469,3,4.17438726989564,0
"95",95,1077,38,0.7554479,0.574,0,67.367,3,4.97673374242057,0
"96",96,1084,54,0.6270039,0.2716556,0,60.132,1,0,3.55534806148941
"97",97,1097,68,0.8502045,0.4814815,1,88.952,2,3.58212908416706,6.36125929874788
"98",98,1099,49,0.9953488,0.4726952,0,93.333,3,5.75866515282479,0
"99",99,1120,48,0.7872948,0.4984924,1,57.264,2,3.04333125235327,3.04333125235327
"100",100,1140,36,0.4651666,0.1561238,0,8.096,1,0,2.39561995896123
"101",101,1141,42,0.8497984,0.1350078,0,67.5,4,5.34805945844285,7.792722512454
"102",102,1162,42,0.452034,0.1615584,0,73.958,4,4.68189971884676,3.91202300542815
"103",103,1163,32,0.9256757,0.6632826,0,132.813,3,3.93963817246112,0
"104",104,1165,25,0.0472837,0.159948,0,41,3,3.58282425277343,0
"105",105,1173,42,0.8308401,0.6082949,0,126.477,3,3.93632529795111,0
"106",106,1187,52,0.9663988,0.866417,0,207.841,3,5.39816270151775,0
"107",107,1189,24,0.8273885,0.1807229,0,40.494,1,0,4.48835543139626
"108",108,1212,48,0.9840657,0.2532691,0,56.576,3,3.91202300542815,0
"109",109,1213,51,0.9294653,0.6324868,0,63.309,1,0,3.55534806148941
"110",110,1214,36,0.9005939,0.5004638,0,85.862,1,0,4.26049439201619
"111",111,1218,36,0.2532943,0.2546584,0,64.375,3,2.7710250002636,0
"112",112,1242,37,0.9273638,0.3223881,0,66.125,3,3.55534806148941,0
"113",113,1248,52,0.8358039,0.7171717,0,129.545,4,5.4335036391031,5.48063892334199
"114",114,1254,25,0.7491915,0.2305555,0,56.361,3,2.7710250002636,0
"115",115,1280,40,0.688196,0.4937695,0,88.828,4,4.10964359951127,3.2561716096119
"116",116,1327,55,0.8446772,0.7951807,0,116.333,4,4.44265125649032,3.2561716096119
"117",117,1329,47,0.8780761,0.7239513,0,162.795,3,4.10923317471585,0
"118",118,1360,53,0.8685848,0.5877598,0,133.571,1,0,5.77136323847715
"119",119,1372,49,0.8729107,0.5450098,0,143.362,1,0,3.40119738166216
"120",120,1382,46,0.8031991,0.7002012,0,169.531,1,0,4.15849238204585
"121",121,1385,41,0.9350427,0.7272727,0,91.071,3,4.68213122712422,0
"122",122,1386,40,0.4844961,0.1444867,0,38.534,4,4.64391001430402,7.22170798658419
"123",123,1393,21,0.954717,0.6785714,0,66.726,3,2.30258509299405,0
"124",124,1401,22,0.8642567,0.7582798,1,107.308,2,3.43156491827855,0
"125",125,1412,34,0.6189873,0.534279,0,65.321,3,2.39561995896123,0
"126",126,1420,28,0.1988889,0.2279412,0,56.378,1,0,4.39383168012364
"127",127,1443,25,0.9383634,0.6550152,0,144.712,1,0,2.39561995896123
"128",128,1452,29,0.8668374,0.8193833,0,150.357,4,5.00327493968996,5.17247065668206
"129",129,1481,54,0.8418323,0.7318501,0,94.375,3,5.19849703126583,0
"130",130,1527,51,0.961211,0.4206349,0,79.087,3,5.40560103176771,0
"131",131,1558,41,0.870751,0.0799207,0,47.44,3,3.8264651170665,0
"132",132,1569,60,1,0.5377095,0,93.807,4,3.91202300542815,5.76503435068796
"133",133,1592,23,0.9404216,0.5044872,0,139.274,4,4.19569705648239,3.55534806148941
"134",134,1608,23,0.7303754,0.946502,0,248.75,1,0,3.89182029811063
"135",135,1619,65,0.9925559,0.210893,0,60.769,3,3.40119738166216,0
"136",136,1624,42,0.970313,0.5330718,0,108.833,3,3.84801767545223,0
"137",137,1631,25,0.9676637,0.4802372,0,38.836,1,0,5.05289625281076
"138",138,1632,40,0.5709729,0.3039867,0,18.537,3,2.70805020110221,0
"139",139,1648,44,0.921791,0.1353033,0,48.908,3,3.58143343196509,0
"140",140,1659,51,0.4511093,0.4978903,0,59.848,3,6.25958146406492,0
"141",141,1660,28,0.9667864,0.1886792,0,76.607,3,4.7361984483945,0
"142",142,1682,28,0.9946128,0.5233236,0,82.788,4,6.19629136663629,3.68887945411394
"143",143,1692,69,0.9799483,0.142189,0,59.25,3,2.88814706287405,0
"144",144,1695,55,0.8244597,0.5505976,0,175.313,3,5.36574234286283,0
"145",145,1701,21,0.8874917,0.492823,0,74.688,3,2.7710250002636,0
"146",146,1707,52,0.9899875,0.0861759,0,43.088,4,5.36129216570943,5.11799381241676
"147",147,1719,44,0.9587209,0.2983129,0,86.917,1,0,2.70805020110221
"148",148,1734,54,0.9775466,0.6508689,0,129.35,4,4.32974601093181,5.28294988941691
"149",149,1744,40,0.6761134,0.168533,0,65.043,3,6.84452257156527,0
"150",150,1758,24,0.9222222,0.6534335,1,176.25,2,0,3.80666248977032
"151",151,1778,22,0.8985708,0.7747684,0,198.715,4,4.89765321538091,4.30372719828627
"152",152,1779,31,0.877652,0.7557522,0,143.375,1,0,5.98896141688986
"153",153,1792,29,0.5780246,0.5803303,0,52.083,1,0,3.55534806148941
"154",154,1802,27,0.8183962,0.4813187,0,60.713,4,3.91202300542815,3.39785848039664
"155",155,1812,40,0.95094,0.8393881,0,154.078,4,4.37512789298273,4.31748811353631
"156",156,1829,53,0.8407558,0.7172285,0,177.083,1,0,5.82600010738045
"157",157,1834,27,0.80563,0.6527331,0,43.75,4,3.25713453698529,2.94443897916644
"158",158,1836,49,0.620985,0.6492891,0,102.734,4,3.55534806148941,3.68887945411394
"159",159,1842,25,0.4557522,0.4896313,1,94.893,2,3.86911550441687,0
"160",160,1847,42,0.7460503,0.6229339,0,135.526,1,0,2.70805020110221
"161",161,1862,47,0.8256097,0.317637,0,142.804,4,6.22450892309945,6.62788924820654
"162",162,1869,42,0.9986755,0.3210291,0,105.703,3,5.48893772615669,0
"163",163,1874,61,0.6152056,0.6600832,0,176.136,1,0,3.55534806148941
"164",164,1895,30,0.6636086,0.083976,0,27.165,1,0,4.24849524204936
"165",165,1900,24,0.9199009,0.4136069,0,64.118,4,6.00985686666205,4.99026250428832
"166",166,1936,42,0.8380102,0.167057,0,40.577,1,0,3.8061067798366
"167",167,1946,34,0.7894302,0.4809783,0,22.045,3,3.39785848039664,0
"168",168,1960,26,0.4136009,0.4729187,0,57.717,1,0,3.36729582998647
"169",169,1966,36,0.6473765,0.8660812,0,102.5,4,4.11046394410198,4.38171408583558
"170",170,1969,52,0.9251208,0.6793349,0,167.167,1,0,4.17438726989564
"171",171,1971,29,0.3345428,0.513402,0,70.625,4,3.71235181029908,5.13579843705026
"172",172,1993,24,0.9164286,0.848034,0,248.203,1,0,5.8492527312419
"173",173,2033,46,0.9603174,0.8823529,0,209.75,3,4.56434819146784,0
"174",174,2047,34,0.7743902,0.7075812,0,219.297,3,4.80402104473326,0
"175",175,2049,41,0.9957851,0.4223512,0,70.972,1,0,4.70862889435632
"176",176,2089,40,0.7428256,0.54844,0,129.034,1,0,2.39561995896123
"177",177,2097,41,0.8395061,0.7130919,0,49.944,1,0,3.2188758248682
"178",178,2105,64,0.8320363,0.2101242,1,41.875,2,4.49980967033027,0
"179",179,2126,47,0.9311646,0.4132762,0,65.848,3,7.00544897957893,0
"180",180,2132,24,0.9638298,0.5454546,0,75.625,4,4.72628101173715,3.40036370091358
"181",181,2135,48,0.8638656,0.6320988,0,216.607,4,5.15819285845387,5.41610040220442
"182",182,2138,43,0.6093969,0.5964912,0,91.875,4,3.60902422886447,4.99653636971675
"183",183,2140,57,0.9473684,0.604811,0,52.125,3,3.91202300542815,0
"184",184,2141,51,0.9283784,0.6768489,0,94.531,4,5.07486126639553,3.55534806148941
"185",185,2163,39,0.8681055,0.5516667,0,105.833,3,3.25713453698529,0
"186",186,2168,40,0.6416084,0.4987212,0,56.42,3,3.91202300542815,0
"187",187,2170,39,0.8583062,0.9151786,0,108.75,1,0,3.62180438532437
"188",188,2174,65,0.9709962,0.7853107,0,154.219,3,7.10002716662926,0
"189",189,2177,22,0.9487423,0.4938111,1,83.472,2,0,2.39561995896123
"190",190,2183,54,0.8732622,0.4380208,0,69.665,4,3.63574235570081,3.34744492566291
"191",191,2190,27,0.3756076,0.4497937,1,107.34,2,0,4.13915857801189
"192",192,2191,56,0.710162,0.6989967,0,143.393,4,5.23644196282995,4.36944785246702
"193",193,2192,41,0.8873745,0.879638,0,93.672,4,6.80239476332431,3.91202300542815
"194",194,2228,40,0.8230495,0.5671741,0,47.25,1,0,2.7710250002636
"195",195,2241,42,0.8974692,0.7911715,0,69,1,0,3.17805383034795
"196",196,2264,41,0.7961039,0.2198221,0,55,4,3.68825425872002,4.07753744390572
"197",197,2283,27,0.7814485,0.3444445,1,98.75,2,4.4534748227359,5.1586241718097
"198",198,2284,40,0.6393211,0.8366446,0,211.731,3,3.68887945411394,0
"199",199,2286,26,0.5163065,0.7897633,0,136.5,3,2.99573227355399,0
"200",200,2298,41,0.2723192,0.2530814,0,25.469,3,5.3987733747474,0
"201",201,2302,40,0.810616,0.7692308,0,69.583,1,0,3.80666248977032
"202",202,2303,69,0.7147651,0.3381593,1,69.5,2,4.48863636973214,0
"203",203,2324,29,0.9316888,0.8480769,0,111.635,1,0,3.55534806148941
"204",204,2328,41,0.8725975,0.334845,0,29.375,3,4.24778070111149,0
"205",205,2333,25,0.8188406,0.5111111,0,59.773,3,3.55534806148941,0
"206",206,2336,44,0.9009009,0.7582205,0,203.523,1,0,5.38449506278909
"207",207,2356,29,0.6556495,0.2294758,0,37.222,1,0,3.8416005411316
"208",208,2379,19,0.7608015,0.5851795,0,85.278,3,3.15487049489229,0
"209",209,2393,50,1,0.5993946,0,89.074,3,5.17586720679147,0
"210",210,2396,23,0.9609302,0.6262976,0,235.761,1,0,3.80666248977032
"211",211,2397,43,0.970421,0.1321429,0,50.568,4,4.44235709558218,5.70369913785045
"212",212,2405,41,0.8100821,0.6607963,0,132.188,4,6.1963422896153,6.7094872503585
"213",213,2419,42,0.9464286,0.6701137,0,142.697,1,0,3.4323729991306
"214",214,2442,46,0.8573898,0.2687898,0,85.903,3,3.80666248977032,0
"215",215,2450,26,0.036246,0.1196809,0,44.853,2,0,3.04333125235327
"216",216,2454,43,0.7664399,0.6479751,1,93,2,3.25713453698529,0
"217",217,2467,27,0.9602386,0.6271722,0,52.375,4,6.74570682702774,4.18889687916332
"218",218,2472,61,0.812749,0.6405485,0,80.147,1,0,4.24849524204936
"219",219,2484,32,0.7954123,0.1633045,0,36.886,3,2.7710250002636,0
"220",220,2499,40,0.7790799,0.8338369,0,155.027,1,0,5.47227067367148
"221",221,2500,56,0.7555399,0.3923241,0,109.076,1,0,3.93084475966873
"222",222,2527,51,0.8938861,0.7704082,0,196.071,4,6.03212652882687,6.07517360243061
"223",223,2531,27,0.8555176,0.8577127,0,115.357,4,5.78370209783207,4.46279984469636
"224",224,2537,21,1,0.4361905,0,52.639,1,0,5.15891161073091
"225",225,2539,40,0.2970297,0.3360434,0,31.891,1,0,3.98898404656427
"226",226,2577,41,0.9718992,0.2886335,0,45.75,1,0,4.00687853644082
"227",227,2578,43,0.9417745,0.8517241,0,166.406,3,4.26162298069491,0
"228",228,2589,49,1,0.6855072,0,96.354,1,0,5.26785815906333
"229",229,2612,21,0.8655044,0.5991735,0,118.036,3,2.9420677489683,0
"230",230,2659,52,0.7437309,0.8368984,1,120.375,2,0,4.23410650459726
"231",231,2681,54,1,0.4095477,0,71.776,1,0,3.58282425277343
"232",232,2688,52,0.9508671,0.6016949,0,68.75,4,5.71686321419473,3.40119738166216
"233",233,2693,27,0.6524902,0.6754075,1,145.865,2,4.26091776204792,2.7710250002636
"234",234,2733,37,0.7513812,0.8567932,0,102.411,3,4.11005385592728,0
"235",235,2735,29,0.852618,0.6531339,0,72.031,1,0,3.66356164612965
"236",236,2755,51,0.7916847,0.7417312,0,133.095,4,4.14313472639153,4.61492247743077
"237",237,2757,23,0.9050819,0.4328767,0,83.764,1,0,3.40036370091358
"238",238,2767,44,1,0.484472,0,73.616,1,0,5.32775480220165
"239",239,2774,55,0.7725964,0.726971,0,173.487,1,0,3.82809777049038
"240",240,2786,43,0.9414664,0.6805421,0,104.485,3,3.58282425277343,0
"241",241,2799,40,0.7692308,0.4374482,0,48.939,1,0,4.53259949315326
"242",242,2813,41,0.9000908,0.0932091,0,60.625,1,0,2.70805020110221
"243",243,2835,52,0.7553979,0.8292465,0,211.875,4,4.85981240436167,5.73657229747919
"244",244,2846,47,0.7992424,0.7315574,0,176.563,4,3.93084475966873,4.20439406736606
"245",245,2859,24,0.8516926,0.5576606,0,109.435,1,0,3.2561716096119
"246",246,2866,38,0.6078317,0.7562446,0,73.75,1,0,3.93035396211287
"247",247,2877,42,0.9656404,0.2631261,0,80.802,1,0,3.68825425872002
"248",248,2883,43,0.8070922,0.7134503,0,45.278,3,3.2188758248682,0
"249",249,2916,49,0.9669893,0.5714916,0,161.944,3,6.06087399848015,0
"250",250,2924,21,0.9460581,0.7549669,0,117.375,1,0,2.7710250002636
"251",251,2954,23,0.6384693,0.2774086,0,59.185,3,4.30372719828627,0
"252",252,3019,45,0.944645,0.6956522,0,155.197,4,5.82304589548302,4.77870323674897
"253",253,3038,58,0.9923345,0.7046263,0,87.188,3,3.55534806148941,0
"254",254,3039,47,1,0.5849057,0,64.286,4,5.59471137960184,5.15300253538318
"255",255,3043,20,0.9104326,0.516129,0,104.324,4,3.40119738166216,5.63085329463344
"256",256,3059,40,0.7894737,0.7459677,0,45.306,1,0,3.68825425872002
"257",257,3061,41,0.440501,0.4025045,0,98.009,1,0,3.55534806148941
"258",258,3077,42,0.9047955,0.3938272,0,103.839,1,0,3.55534806148941
"259",259,3086,35,0.9350269,0.2206221,0,52.207,1,0,3.58282425277343
"260",260,3090,44,0.8339332,0.9622642,0,54.922,4,4.36944785246702,4.43051913549836
"261",261,3101,53,0.8485106,0.5378486,0,81.406,1,0,3.55534806148941
"262",262,3105,44,0.6025733,0.5250836,0,77.308,1,0,5.04342511691925
"263",263,3117,39,0.9373561,0.7433501,0,135,1,0,4.76217393479776
"264",264,3121,29,0.6051873,0.3444816,0,11.429,3,3.93084475966873,0
"265",265,3123,21,0.9225569,0.8669623,0,250.001,4,6.97056574539281,0
"266",266,3128,49,1,0.8224299,0,105.625,1,0,4.17438726989564
"267",267,3135,52,1,0.6260404,0,70.722,3,2.7710250002636,0
"268",268,3144,40,0.9647946,0.6494747,0,61.773,1,0,3.55534806148941
"269",269,3147,42,0.5145849,0.2518646,0,71.375,1,0,3.8275538488017
"270",270,3168,40,0.8064126,0.65588,0,60.526,4,5.03043792139244,3.40119738166216
"271",271,3179,21,0.879661,0.9009547,0,129.461,1,0,4.64415048562898
"272",272,3183,46,0.8292843,0.9238921,0,125.071,4,3.91202300542815,5.41242699683811
"273",273,3185,22,0.7582356,0.4921292,0,93.828,3,5.05624580534831,0
"274",274,3196,56,0.7836412,0.2506143,0,70.375,3,5.22008551827846,0
"275",275,3197,25,0.7174254,0.6225597,0,25.033,1,0,1.24559447901676
"276",276,3199,36,0.9740608,0.6295181,0,88.125,4,3.82700963110119,3.25713453698529
"277",277,3202,49,0.9325,0.4846885,0,39.871,1,0,2.39561995896123
"278",278,3231,52,0.7369534,0.6168623,0,100.417,1,0,6.82214292290621
"279",279,3233,43,0.883841,0.8856549,0,95.25,1,0,3.8061067798366
"280",280,3252,51,0.905223,0.6761535,0,146.862,3,2.88926002904347,0
"281",281,3254,53,0.9047884,0.427835,0,85.455,1,0,4.23338160423931
"282",282,3268,49,0.8955404,0.6053143,0,250.001,4,7.50821134698492,7.1815729330243
"283",283,3281,21,0.8920765,0.762208,0,157.188,1,0,5.28244201738975
"284",284,3283,55,0.8988451,0.4600366,0,57.614,3,4.0943445622221,0
"285",285,3304,21,0.7868654,0.2889211,0,61.192,3,5.24174701505964,0
"286",286,3306,43,0.7742947,0.5811808,0,30.208,1,0,3.71235181029908
"287",287,3314,38,0.9191489,0.43361,0,81.103,3,4.83230575857184,0
"288",288,3319,40,1,0.7967914,0,87.563,4,4.96929233056187,5.44209298247867
"289",289,3338,20,0.7254546,0.7894356,0,128.75,1,0,2.94443897916644
"290",290,3345,24,0.3368771,0.3909665,0,76.415,4,5.98833465409905,4.54329478227
"291",291,3379,40,0.9018753,0.6360225,0,108.269,3,2.7710250002636,0
"292",292,3381,26,0.8270572,0.7533333,1,138.304,2,2.7710250002636,6.55324228206516
"293",293,3385,52,0.8283244,0.4268218,0,52.482,1,0,4.58496747867057
"294",294,3402,47,0.8502907,0.7457887,0,89.804,4,4.00733318523247,6.25757179785431
"295",295,3411,25,0.882,0.6269284,0,130.417,1,0,4.82028156560504
"296",296,3437,50,0.7770346,0.8520755,0,87.121,1,0,5.8636311755981
"297",297,3457,64,0.8259773,0.2534202,0,68.375,3,5.00394630594546,0
"298",298,3479,31,0.9279279,0.4487285,0,56.548,3,6.24212598445893,0
"299",299,3484,58,0.9593853,0.3020833,0,54.773,3,3.63692804848184,0
"300",300,3494,43,0.5067385,0.250996,0,67.535,3,4.32941668440158,0
"301",301,3498,50,0.6801872,0.1615769,0,37.281,3,5.30814392736577,0
"302",302,3499,32,0.7427502,0.4521127,1,60.417,2,0,2.70805020110221
"303",303,3500,34,0.9636752,0.1481827,0,32.734,3,3.91202300542815,0
"304",304,3526,59,0.8865799,0.5936155,0,153.194,4,6.87212810133899,6.14407833223166
"305",305,3542,43,0.5218467,0.6104147,0,66.771,1,0,2.30258509299405
"306",306,3543,40,0.8845071,0.7734457,0,71.618,4,6.55535689181067,6.12785123449591
"307",307,3546,51,0.9593301,0.8697987,0,193.75,1,0,3.89182029811063
"308",308,3552,46,0.7243308,0.1648746,0,35.625,3,4.09392780872576,0
"309",309,3591,41,0.7510675,0.8013158,0,237.75,1,0,2.7710250002636
"310",310,3625,48,0.7897787,0.876334,0,107.188,3,4.60517018598809,0
"311",311,3632,58,0.0005061,0.0474934,0,31.742,2,2.30258509299405,0
"312",312,3637,36,0.6834303,0.9197531,0,2.499,3,4.30406509320417,0
"313",313,3643,41,0.6895413,0.1958698,1,58.991,2,0,4.85981240436167
"314",314,3650,29,0.8086775,0.647613,0,126.25,1,0,3.80666248977032
"315",315,3652,35,0.4313726,0.6802721,0,53.068,1,0,3.36729582998647
"316",316,3661,40,0.8690996,0.6103093,0,53.75,1,0,4.85203026391962
"317",317,3663,28,0.5938628,0.3981117,0,59.301,3,4.48863636973214,0
"318",318,3669,29,0.9842795,0.1914388,0,55.909,1,0,3.89182029811063
"319",319,3673,36,0.6636114,0.5387489,1,156.698,2,0,3.17805383034795
"320",320,3675,32,0.9780424,0.5575834,0,133.958,4,5.52345892052492,4.13436623657159
"321",321,3677,32,0.8538252,0.3371336,0,77.404,3,4.63472898822964,0
"322",322,3678,58,0.9819587,0.2927757,0,64.196,3,3.43398720448515,0
"323",323,3727,36,0.8807947,0.8453608,0,110.284,1,0,3.39785848039664
"324",324,3738,40,0.5625188,0.3622595,0,68.75,1,0,2.70805020110221
"325",325,3740,51,0.7042599,0.7521879,0,153.043,1,0,2.70805020110221
"326",326,3743,23,0.5705357,0.1628743,0,52.742,1,0,4.00733318523247
"327",327,3745,42,0.9253112,0.6483333,0,159.936,1,0,5.07517381523383
"328",328,3751,47,0.7937971,0.8562005,0,154.63,1,0,5.2040066870768
"329",329,3763,73,0.4667488,0.3456592,0,37.279,1,0,2.19499988231411
"330",330,3771,18,0.7068138,0.682479,0,78.51,3,3.4323729991306,0
"331",331,3786,44,0.9684685,0.7210788,0,118.75,3,4.32974601093181,0
"332",332,3787,52,0.9671214,0.1641574,0,51.218,3,3.91202300542815,0
"333",333,3789,38,0.8745353,0.4485294,0,76.797,1,0,3.58282425277343
"334",334,3790,51,0.9573293,0.7070563,0,186.544,1,0,4.17438726989564
"335",335,3803,22,0.9219745,0.7814815,0,168.355,1,0,4.18927588238939
"336",336,3817,48,1,0.6260404,0,70.722,4,6.59167373200866,6.62539236800796
"337",337,3818,29,0.7085054,0.4921803,1,91.429,2,0,2.99573227355399
"338",338,3822,39,0.9179811,0.8843663,0,120.45,1,0,3.98852097640087
"339",339,3823,29,0.8027638,0.5541667,0,44.744,1,0,4.18737942818929
"340",340,3839,22,0.8216318,0.6792189,0,146.375,3,4.45289275054251,0
"341",341,3853,27,0.0714697,0.2143579,0,30.179,3,4.39290475282106,0
"342",342,3855,41,0.7333333,0.2878625,1,51.75,2,4.49953185396509,5.48063892334199
"343",343,3875,22,0.8938861,0.7704082,0,196.071,1,0,7.131402703331
"344",344,3933,47,0.714934,0.6465116,0,162.652,3,3.91202300542815,0
"345",345,3942,41,0.8182107,0.3471164,0,83.75,1,0,4.98360662170834
"346",346,3949,43,0.8259336,0.4627848,0,129.491,3,3.91152288038646,0
"347",347,3950,59,0.9093718,0.8631329,0,179.063,4,2.39561995896123,3.68887945411394
"348",348,3952,24,0.9485103,0.5432166,0,123.182,4,4.63472898822964,3.04333125235327
"349",349,3973,48,0.9177456,0.6265923,0,148.75,1,0,3.2188758248682
"350",350,3978,48,0.9529412,0.8588235,0,250.001,4,4.11087386417331,5.5834963087817
"351",351,3979,44,0.957958,0.6547085,0,107.206,1,0,2.70805020110221
"352",352,3996,42,0.9572864,0.3984849,0,45.192,1,0,3.55534806148941
"353",353,4019,32,0.929646,0.8107383,0,169.196,3,3.71235181029908,0
"354",354,4034,25,1,0.8201893,0,222.222,4,6.77644997820415,3.63758615972639
"355",355,4051,25,0.9868228,0.8716475,0,180.583,4,3.68812917272323,4.0384794293807
"356",356,4072,29,0.9450801,0.1574179,0,58.047,1,0,3.55534806148941
"357",357,4077,37,0.4156928,0.7230769,0,22.222,4,5.26734256224861,4.23374412010335
"358",358,4082,46,0.7208738,0.8263473,0,250.001,1,0,2.7710250002636
"359",359,4092,37,0.5033784,0.6480836,0,115.24,1,0,4.4188406077966
"360",360,4113,44,1,0.509434,0,86.477,1,0,4.8119810826814
"361",361,4129,25,0.4179372,0.1653924,0,61.409,3,5.65948221575962,0
"362",362,4137,62,0.9822767,0.5479617,0,154.643,3,4.44265125649032,0
"363",363,4139,35,0.8508831,0.7130045,0,98.214,3,5.65248918026865,0
"364",364,4156,47,0.9464945,0.8214665,0,106.667,3,4.44265125649032,0
"365",365,4179,43,0.8387516,0.4360656,0,67.903,1,0,2.7710250002636
"366",366,4185,59,0.9355532,0.8419244,0,119.743,1,0,2.7710250002636
"367",367,4188,40,0.7475247,0.5258799,0,87.969,1,0,2.39333945626251
"368",368,4189,40,0.8025248,0.5547129,1,82.917,2,3.66356164612965,0
"369",369,4207,24,0.7800297,0.5665991,0,128.75,1,0,2.7710250002636
"370",370,4216,49,0.9503937,0.119469,0,36.836,3,4.36913134668815,0
"371",371,4239,37,0.8882033,0.4834437,0,165.096,4,3.80666248977032,5.41587815528718
"372",372,4249,44,0.7523148,0.8116761,0,177.045,4,4.49953185396509,4.77891338700717
"373",373,4289,23,0.9577465,0.492437,0,123.75,3,5.6307636527527,0
"374",374,4290,42,0.8172653,0.5513768,0,65.952,3,5.11153587903199,0
"375",375,4293,57,0.8741906,0.345986,0,71.121,3,6.35432656159127,0
"376",376,4303,41,0.8783217,0.5921325,0,100.125,3,5.02700064818252,0
"377",377,4305,47,0.8496888,0.7694588,0,167.216,1,0,3.91102250509456
"378",378,4307,21,0.9487419,0.8278805,0,160.556,4,3.91152288038646,4.00687853644082
"379",379,4325,50,0.9497537,0.3919708,0,63.409,3,4.30406509320417,0
"380",380,4333,39,0.8419811,0.6796116,0,68.782,1,0,3.80666248977032
"381",381,4335,40,0.5038846,0.6319876,0,68.125,3,3.73766961828337,0
"382",382,4341,34,0.9886364,0.1918367,0,56.711,1,0,4.91998092582813
"383",383,4396,55,0.890164,0.6079404,0,111.818,1,0,2.7710250002636
"384",384,4411,48,0.8029231,0.7304878,0,112.955,4,3.40119738166216,5.2257466737132
"385",385,4414,31,0.9661181,0.6626937,0,109.948,4,4.31748811353631,6.74990191935539
"386",386,4421,23,0.8105113,0.3026172,0,101.862,1,0,3.40036370091358
"387",387,4435,47,0.8342118,0.3406594,0,51.509,3,3.68887945411394,0
"388",388,4451,40,0.9513513,0.5954301,0,102.042,1,0,4.44206284811794
"389",389,4459,40,0.4990566,0.3172348,0,16.25,3,4.48863636973214,0
"390",390,4462,41,0.8289676,0.4820847,0,35.688,1,0,5.50533153593236
"391",391,4463,50,0.9965824,0.7671674,0,247.5,3,4.95547488291898,0
"392",392,4471,53,0.5599276,0.4351536,0,34.898,3,3.25713453698529,0
"393",393,4480,54,0.8800304,0.4905498,0,78.963,4,4.90453376321371,5.99645208861902
"394",394,4485,56,0.3822598,0.1759259,0,24.663,3,6.30495141831979,0
"395",395,4490,53,0.9877836,0.4249292,0,88.065,3,3.55534806148941,0
"396",396,4504,52,0.9784715,0.6646091,0,100.771,4,4.0943445622221,5.57205897062534
"397",397,4508,46,0.8899494,0.6189069,0,70.295,3,5.74837335798408,0
"398",398,4510,44,0.9885008,0.2112234,0,74.764,3,4.15888308335967,0
"399",399,4514,45,1,0.5104167,0,50.081,3,3.09104245335832,0
"400",400,4529,55,0.72,0.8514151,0,131.875,1,0,2.99573227355399
"401",401,4531,46,0.8453159,0.608828,0,131.413,3,3.40036370091358,0
"402",402,4535,40,0.9186483,0.352657,0,66.042,1,0,2.43141796483701
"403",403,4536,48,0.8577215,0.5283658,0,50.833,1,0,6.02821827745228
"404",404,4539,53,0.8274478,0.5200932,0,113.625,4,3.80666248977032,7.12526297867772
"405",405,4541,49,0.9139004,0.3795713,0,53.11,3,3.68825425872002,0
"406",406,4545,49,0.9449627,0.9605055,0,250.001,1,0,3.82700963110119
"407",407,4554,40,0.3937737,0.2520843,0,16.552,1,0,4.48863636973214
"408",408,4561,34,0.5076401,0.517037,0,56.413,3,4.69134788222914,0
"409",409,4563,48,1,0.8293515,0,161.071,3,4.91998092582813,0
"410",410,4568,52,0.8858859,0.5849057,0,73.795,1,0,4.46533324080029
"411",411,4571,40,0.8010789,0.746315,0,61.184,3,5.12396397940326,0
"412",412,4594,33,1,0.5095286,0,74.417,1,0,1.78758409781757
"413",413,4599,24,0.9703833,0.8174603,0,102.188,1,0,2.99573227355399
"414",414,4616,45,0.9150831,0.2362592,0,64.375,1,0,4.38140143927996
"415",415,4634,34,0.7143917,0.6996403,0,71.944,1,0,4.30406509320417
"416",416,4637,36,0.9507603,0.6916335,0,57.737,1,0,2.7710250002636
"417",417,4641,42,0.7785376,0.5718109,0,158.074,3,2.30258509299405,0
"418",418,4645,25,0.5156951,0.120462,0,39.503,3,3.93084475966873,0
"419",419,4656,27,0.8687431,0.7703583,0,202.5,1,0,2.70805020110221
"420",420,4688,51,0.733175,0.4931507,1,125.521,2,7.017170064968,0
"421",421,4693,42,0.6871997,0.2084942,0,79.583,3,4.70002571700077,0
"422",422,4694,37,0.5419948,0.4562706,0,30.978,3,3.04333125235327,0
"423",423,4700,34,0.7531896,0.6162866,0,110.625,1,0,4.24849524204936
"424",424,4702,50,0.7679892,0.8035714,0,143.75,1,0,3.8061067798366
"425",425,4707,44,0.7299509,0.5039164,0,115.804,1,0,1.78758409781757
"426",426,4734,34,0.8213257,0.8230501,0,95.987,4,3.68887945411394,4.73575975569169
"427",427,4735,30,0.8428233,0.4441624,0,112.273,1,0,4.63448624032214
"428",428,4743,24,0.9547908,0.7504817,0,112.115,3,4.44265125649032,0
"429",429,4783,40,0.6270053,0.6962025,0,130.156,1,0,3.04333125235327
"430",430,4789,20,0.2892403,0.2414757,1,94.369,2,4.31715472463507,4.0943445622221
"431",431,4794,40,0.685665,0.283237,0,82.292,1,0,3.55534806148941
"432",432,4805,31,0.6454892,0.5948553,0,40.485,4,3.25327725158553,2.7710250002636
"433",433,4806,39,0.9361234,0.6704918,0,58.142,3,2.99573227355399,0
"434",434,4808,41,0.6759026,0.7335563,0,91.696,1,0,4.88280192258637
"435",435,4813,41,0.9220779,0.7014135,0,56.087,4,3.55534806148941,2.99573227355399
"436",436,4816,20,0.7482269,0.7701613,0,182.059,1,0,2.99573227355399
"437",437,4856,22,0.996732,0.1467953,0,49.01,3,5.05624580534831,0
"438",438,4863,40,0.9263158,0.7183499,0,119.183,1,0,2.99573227355399
"439",439,4865,39,0.8613963,0.662963,0,136.463,1,0,3.80666248977032
"440",440,4867,57,0.988006,0.5560254,0,146.429,1,0,5.08140436498446
"441",441,4878,47,0.8371589,0.6823464,0,49.316,1,0,5.88554832151643
"442",442,4879,40,0.9779249,0.5172194,0,125.833,4,4.76217393479776,4.30406509320417
"443",443,4887,43,0.9912827,0.4709677,0,84.663,1,0,1.78758409781757
"444",444,4888,40,0.6078317,0.7562446,0,73.75,4,3.89182029811063,3.04333125235327
"445",445,4895,36,0.8302215,0.342729,0,74.898,1,0,4.17438726989564
"446",446,4903,48,0.4868421,0.8617615,0,102.396,1,0,3.8913099638306
"447",447,4911,65,0.8422371,0.7250483,0,166.979,1,0,3.2188758248682
"448",448,4915,35,0.070561,0.2480916,1,51.825,2,3.40119738166216,0
"449",449,4926,40,0.9741067,0.7562446,0,188.304,3,4.23410650459726,0
"450",450,4934,34,0.5118483,0.5821229,1,101.364,2,3.68887945411394,0
"451",451,4940,54,0.9218031,0.8216292,0,250.001,1,0,6.52502965784346
"452",452,4968,53,0.9856209,0.7621832,0,143.365,1,0,2.7710250002636
"453",453,4977,40,0.5831325,0.6493506,0,78.227,1,0,5.19849703126583
"454",454,4997,46,0.987569,0.7553517,0,150.568,1,0,4.53259949315326
"455",455,5002,40,0.8064126,0.65588,0,60.526,4,7.02866674931305,4.4188406077966
"456",456,5007,20,0.9763258,0.2534819,0,70.952,4,2.76945882923085,4.35291960536758
"457",457,5015,31,0.7393075,0.5514019,0,65.625,1,0,3.91202300542815
"458",458,5031,33,0.7964353,0.6638176,0,123.5,1,0,5.30330490805908
"459",459,5043,43,0.9872915,0.5635776,0,79.572,3,4.43081679884331,0
"460",460,5055,51,0.9221491,0.6986302,0,105.313,1,0,2.39561995896123
"461",461,5059,44,0.9155135,0.727162,0,147.841,3,2.70805020110221,0
"462",462,5063,23,0.4378947,0.3869969,0,60.699,1,0,2.39561995896123
"463",463,5084,50,0.72,0.8514151,0,131.875,3,4.00787849107167,0
"464",464,5102,33,0.5390655,0.6367536,0,119.839,3,3.55534806148941,0
"465",465,5105,52,0.9010764,0.5153788,0,86.25,3,4.00733318523247,0
"466",466,5140,51,0.9180464,0.8290598,0,105.284,1,0,3.21687382219753
"467",467,5150,28,0.562427,0.5083261,0,102.739,1,0,4.07711362529374
"468",468,5151,24,0.4804319,0.5731056,0,101.389,3,2.56379484511471,0
"469",469,5160,35,0.7373053,0.2283105,0,40.893,3,5.19254009739387,0
"470",470,5165,39,0.964991,0.8769716,1,199.375,2,0,5.12351745115293
"471",471,5175,44,0.9380863,0.7642487,0,149.286,3,5.11799381241676,0
"472",472,5180,36,0.8890877,0.4491682,0,26.477,3,4.69111849812446,0
"473",473,5185,46,0.8831823,0.7106599,0,147.813,4,4.60966009126094,4.0943445622221
"474",474,5222,40,0.7689992,0.7339228,0,75.032,4,5.26269018890489,4.47733681447821
"475",475,5227,42,0.8648374,0.4607961,0,54.914,1,0,4.17438726989564
"476",476,5242,39,0.7665176,0.5807478,0,95.638,1,0,4.82028156560504
"477",477,5243,41,0.6300941,0.2693157,0,51.976,4,6.0310457721921,3.60956564739421
"478",478,5251,25,0.2732013,0.4560703,0,63.25,3,3.82809777049038,2.39561995896123
"479",479,5253,27,0.8613581,0.6827794,0,120.25,1,0,2.94443897916644
"480",480,5259,33,0.8075362,0.5201817,0,79.226,3,4.70817793606232,0
"481",481,5270,24,0.3053047,0.4599686,0,146.109,4,2.70805020110221,4.15849238204585
"482",482,5278,39,0.8793394,0.4004525,0,154.077,1,0,6.20859002609663
"483",483,5298,43,0.9303483,0.5091892,0,72.841,3,3.2561716096119,0
"484",484,5310,19,0.9788779,0.4471058,0,105.441,3,3.7117411232572,0
"485",485,5320,50,1,0.5285996,0,74.917,1,0,4.36944785246702
"486",486,5331,42,0.8543184,0.8868458,0,151.65,1,0,3.55534806148941
"487",487,5333,25,0.84418,0.5367728,0,93.208,1,0,2.99573227355399
"488",488,5341,45,0.9410555,0.515493,0,114.931,1,0,6.98739790663433
"489",489,5344,53,0.9781022,0.8122503,0,115.956,3,4.36944785246702,0
"490",490,5357,22,0.8020619,0.6762546,0,157.941,1,0,3.67376581630389
"491",491,5361,21,0.9696106,0.7360249,0,178.333,3,5.54087131138207,0
"492",492,5363,22,0.9292373,0.2685553,0,75.735,3,3.40119738166216,0
"493",493,5367,48,0.9660665,0.6181263,0,131.15,1,0,3.40119738166216
"494",494,5376,40,0.7157502,0.6623877,0,17.813,1,0,3.25713453698529
"495",495,5378,19,0.9306147,0.8239487,0,109.957,4,4.7361984483945,2.83174167344476
"496",496,5385,30,0.9417562,0.4788392,0,63.526,3,2.30258509299405,0
"497",497,5417,53,0.7078025,0.3896552,0,106.806,3,4.54329478227,0
"498",498,5418,27,0.9850227,0.4439885,0,84.228,4,2.99573227355399,4.07753744390572
"499",499,5424,58,0.9013453,0.6882716,0,61.96,1,0,3.63758615972639
"500",500,5428,34,0.987512,0.3596358,0,72.989,1,0,3.65803357394283
"501",501,5433,64,0.7709777,0.4362745,0,80.903,1,0,2.7710250002636
"502",502,5439,45,0.9265419,0.5817806,1,161.51,2,3.80666248977032,4.88261251070968
"503",503,5459,40,0.8060046,0.8551035,0,100.481,1,0,2.70805020110221
"504",504,5488,53,0.9638783,0.6172662,0,125.912,1,0,4.43051913549836
"505",505,5509,40,0.7892562,0.7039627,0,65.278,1,0,3.68887945411394
"506",506,5513,28,0.9090607,0.7774879,0,78.333,3,3.58143343196509,0
"507",507,5520,37,0.7043159,0.7709563,1,99.688,2,2.99573227355399,0
"508",508,5527,52,0.9556213,0.856674,0,250.001,1,0,3.80666248977032
"509",509,5534,60,0.9131339,0.4083677,0,90,3,3.4323729991306,0
"510",510,5547,45,0.7629797,0.2352941,0,69.792,1,0,4.36944785246702
"511",511,5550,40,0.7645327,0.1918605,0,30.679,1,0,3.68887945411394
"512",512,5557,59,0.9649289,0.6437588,0,137.344,4,4.69134788222914,2.7710250002636
"513",513,5565,37,0.6049646,0.7501183,0,101.735,1,0,5.32775480220165
"514",514,5582,34,0.738811,0.9087523,0,42.857,1,0,2.99573227355399
"515",515,5587,57,0.9167169,0.3402418,0,92.188,3,3.91202300542815,0
"516",516,5598,56,0.9432855,0.7192118,0,147.708,1,0,3.68887945411394
"517",517,5600,67,0.8775956,0.7011884,0,111.607,1,0,3.25713453698529
"518",518,5606,37,0.6141079,0.1932458,0,48.571,3,4.15888308335967,0
"519",519,5625,38,0.768943,0.3296521,0,65,3,4.24849524204936,0
"520",520,5632,30,0.5829005,0.3656716,0,71.648,1,0,4.02445843475793
"521",521,5652,26,0.7405941,0.6543709,0,112.052,1,0,2.99573227355399
"522",522,5679,33,0.9762219,0.8602151,0,97.019,1,0,3.55463352055154
"523",523,5682,48,0.7429346,0.5996284,1,52.076,2,4.45405655631833,0
"524",524,5683,43,0.8708897,0.846395,0,173.75,1,0,4.77068462446567
"525",525,5702,39,0.7617096,0.728079,0,137.054,3,2.99448149165234,0
"526",526,5707,44,0.8818069,0.6873563,0,115,3,3.04333125235327,0
"527",527,5723,41,0.9840183,0.439759,0,33.854,1,0,4.79579054559674
"528",528,5726,44,0.964539,0.5887372,0,64,3,4.17438726989564,0
"529",529,5733,48,0.9358169,0.4092593,0,14.42,3,3.71235181029908,0
"530",530,5737,35,0.9342771,0.698594,0,203.929,1,0,3.89182029811063
"531",531,5770,38,0.4092689,0.6829493,0,85.577,1,0,4.17400258052755
"532",532,5782,35,0.7786885,0.511041,0,64.878,1,0,4.07753744390572
"533",533,5787,35,0.1829026,0.3782867,0,48.455,1,0,5.25723492144681
"534",534,5800,21,0.8922443,0.4921415,0,41.01,4,3.55534806148941,3.68887945411394
"535",535,5804,35,0.6555184,0.6464258,0,101.016,3,3.58282425277343,0
"536",536,5806,40,0.9564145,0.8234751,0,132.946,3,3.2188758248682,0
"537",537,5813,34,0.6536267,0.383547,0,89.632,3,2.7710250002636,0
"538",538,5820,49,0.9031858,0.4142373,0,88.958,1,0,4.31748811353631
"539",539,5835,63,0.8565454,0.696282,0,74.333,1,0,4.31682122454861
"540",540,5836,21,0.9714077,0.3242059,0,62.778,3,4.09351088147352,0
"541",541,5837,30,0,0.1323185,0,32.314,2,3.70130197411249,0
"542",542,5881,81,0.5432966,0.6367568,0,150.435,3,4.24813803540152,0
"543",543,5886,32,0.8046154,0.812933,0,100.474,4,5.59842195899838,5.10594547390058
"544",544,5918,29,0.2089686,0.3467012,0,25.758,1,0,4.90397764122329
"545",545,5932,49,0.9711009,0.6922601,0,103.993,1,0,4.10561415448033
"546",546,5934,40,0.8123894,0.577189,0,104.139,3,2.56340971127594,0
"547",547,5949,48,0.9688013,0.7844712,0,126.463,1,0,2.7710250002636
"548",548,5954,49,0.8013443,0.4297521,0,43.483,3,2.7710250002636,0
"549",549,5961,24,0.0839965,0.3030096,0,70.96,2,0,2.13771044980381
"550",550,6013,40,1,0.4557109,0,128.558,1,0,3.85014760171006
"551",551,6029,54,0.9074838,0.4566285,0,87.188,3,5.64190707093811,0
"552",552,6032,35,0.8346348,0.2363636,0,53.576,4,6.82105294514284,4.48863636973214
"553",553,6035,47,0.9755422,0.7285608,0,210.227,4,4.48863636973214,4.68213122712422
"554",554,6063,25,0.6388634,0.8291667,0,174.348,1,0,3.55534806148941
"555",555,6066,60,1,0.7654321,0,127.273,4,2.39561995896123,4.30372719828627
"556",556,6087,40,0.9504673,0.4701912,0,93.906,1,0,3.25713453698529
"557",557,6089,48,0.9785799,0.5666236,0,92.813,4,4.96266978980138,4.36944785246702
"558",558,6107,52,1,0.8253968,0,145.114,1,0,4.77891338700717
"559",559,6127,52,0.6585956,0.6764264,1,111.711,2,0,3.91102250509456
"560",560,6128,56,0.9691877,0.6144756,0,70.076,1,0,5.61668018444318
"561",561,6132,64,0.5585925,0.5876623,0,72.475,1,0,2.7710250002636
"562",562,6134,34,0.8661417,0.5081967,0,90.956,1,0,2.7710250002636
"563",563,6138,43,0.9400136,0.3366834,0,14.212,1,0,4.24849524204936
"564",564,6141,44,0.7920753,0.7062671,0,101.62,1,0,3.93084475966873
"565",565,6153,40,0.9740872,0.5075885,0,140.774,1,0,3.25713453698529
"566",566,6158,55,0.9853747,0.8878049,0,193.25,4,4.0943445622221,4.72716655529734
"567",567,6159,41,0.9025271,0.5430183,0,32.47,3,5.20880285934029,0
"568",568,6162,44,0.7312253,0.4989474,0,118.654,4,3.25713453698529,5.05608655700017
"569",569,6168,55,0.8974609,0.3797814,0,74.722,1,0,3.36729582998647
"570",570,6172,30,0.7785031,0.5968809,0,79.978,3,5.33259801302487,0
"571",571,6202,25,0.7282668,0.2381371,0,58.966,3,4.38108869494591,0
"572",572,6211,55,0.8170796,0.8302387,0,250.001,1,0,3.55534806148941
"573",573,6213,67,0.9494845,0.2523775,0,38.434,1,0,3.80666248977032
"574",574,6221,34,0.9751196,0.8039492,0,79.792,3,3.25713453698529,0
"575",575,6228,47,0.6493084,0.5164506,0,149.886,4,5.71373280550937,6.3261494731551
"576",576,6230,57,0.9328716,0.6053748,0,111.641,1,0,2.30258509299405
"577",577,6242,36,0.8804878,0.8270548,0,96.875,1,0,3.25713453698529
"578",578,6246,44,0.8542544,0.5758242,0,95.417,1,0,3.98898404656427
"579",579,6248,52,0.8718929,0.8242009,0,143.977,1,0,4.43081679884331
"580",580,6254,40,0.2817796,0.3773946,0,25.517,4,4.51085950651685,5.40076113262446
"581",581,6258,39,0.9458918,0.6409537,0,111.375,4,3.04213864636815,4.70885429726497
"582",582,6278,42,0.5949206,0.682824,0,73.785,4,5.26269018890489,4.17438726989564
"583",583,6299,57,0.8487031,0.8961303,0,123.854,1,0,4.43081679884331
"584",584,6337,56,0.9161954,0.1029513,0,53.491,3,6.27480910111295,0
"585",585,6344,39,0.8869681,0.8247262,0,75.413,4,3.56953269648137,2.70805020110221
"586",586,6356,54,1,0.2999389,1,46.806,2,2.7710250002636,0
"587",587,6408,84,0.7737951,0.2843691,0,120.192,3,2.7710250002636,0
"588",588,6426,37,0.9583333,0.5163584,0,105.781,3,5.20880285934029,0
"589",589,6430,48,0.7737154,0.5679677,0,100.281,3,4.89034912822175,0
"590",590,6432,43,0.8844721,0.5764925,0,137.841,4,4.60517018598809,4.54329478227
"591",591,6435,58,0.6919224,0.2275862,1,49.3,2,0,5.35173964304403
"592",592,6444,34,0.6055046,0.414978,1,83.25,2,5.89932184554375,0
"593",593,6450,28,0.6504583,0.6876015,0,29.696,4,4.65396035015752,4.00687853644082
"594",594,6472,55,0.9644103,0.6045589,1,96.944,2,0,4.36944785246702
"595",595,6487,32,0.7481645,0.4295533,0,68.936,3,4.43081679884331,0
"596",596,6491,49,0.9077748,0.7464789,0,104.135,1,0,1.78758409781757
"597",597,6502,59,0.9644642,0.3998733,0,90.978,3,3.80666248977032,0
"598",598,6506,52,0.9818888,0.728223,0,136.875,4,4.80402104473326,3.68887945411394
"599",599,6511,45,0.8056939,0.3352693,0,102.961,4,5.48893772615669,6.27146091001497
"600",600,6514,40,0.4090535,0.1496689,0,56.579,3,3.70990682130601,0
"601",601,6548,26,0.6572398,0.3901007,0,109.861,3,3.58421314188559,0
"602",602,6560,44,0.8465074,0.2811671,0,80.417,1,0,5.23043994414495
"603",603,6568,47,1,0.7702703,0,75.865,3,4.98360662170834,0
"604",604,6584,59,0.9735153,0.5516854,0,97.639,3,4.8283137373023,0
"605",605,6585,71,0.8734739,0.7819355,0,139.556,3,4.74510602628561,0
"606",606,6614,32,0.5081846,0.42123,0,91.139,1,0,2.30258509299405
"607",607,6628,25,0.7670823,0.5207342,0,51.083,3,3.68887945411394,0
"608",608,6631,21,0.9635854,0.6528926,0,93.233,3,3.2561716096119,0
"609",609,6658,66,0.8894762,0.843662,1,95.238,2,0,4.44265125649032
"610",610,6665,41,0.6680896,0.7544803,0,128.75,1,0,2.99573227355399
"611",611,6667,39,0.924338,0.86875,0,140.382,3,4.50920979484218,0
"612",612,6671,53,0.7336011,0.3016453,0,75.8,1,0,5.47604505433176
"613",613,6672,51,0.8885977,0.8547995,0,208.371,1,0,2.39561995896123
"614",614,6697,88,0.8343949,0.52349,0,69.25,1,0,3.91202300542815
"615",615,6701,46,0.5412844,0.5512083,0,81.806,1,0,5.17614973257383
"616",616,6721,39,0.7913938,0.5861635,0,107.292,1,0,4.15888308335967
"617",617,6723,40,0.9896534,0.7363421,0,111.131,1,0,3.89182029811063
"618",618,6737,47,0.8261377,0.7057314,0,234.274,1,0,3.68825425872002
"619",619,6739,46,0.7357311,0.8238806,0,134.306,1,0,6.95933203319116
"620",620,6741,29,0.5949206,0.682824,0,73.785,4,2.99573227355399,3.47196645255036
"621",621,6759,40,0.5701754,0.4262086,0,43.25,4,4.31748811353631,5.87211778947542
"622",622,6770,27,0.9108194,0.9220616,0,116.01,1,0,4.09392780872576
"623",623,6771,56,0.9353333,0.4947808,1,86.622,2,3.61091791264422,0
"624",624,6774,48,0.8472553,0.4263158,0,91.813,3,5.00394630594546,0
"625",625,6777,28,0.7364737,0.3773137,0,75.152,1,0,7.44171620580025
"626",626,6781,52,0.8683775,0.5719603,0,117.847,4,3.40119738166216,4.31682122454861
"627",627,6789,27,0.7422829,0.6735426,0,50.805,1,0,4.00687853644082
"628",628,6795,30,0.9421569,0.2359862,0,83.913,1,0,2.70805020110221
"629",629,6804,56,0.1275026,0.0490998,0,15.878,2,3.89182029811063,0
"630",630,6809,53,0.9138119,0.7633878,0,159.167,1,0,3.55534806148941
"631",631,6817,28,0.7252946,0.376989,0,61.83,4,3.04333125235327,5.57972982598622
"632",632,6834,42,0.810241,0.6901082,0,138.032,4,5.20934953148729,4.07753744390572
"633",633,6842,60,0.9048648,0.6583493,1,122.589,2,0,5.07985036311773
"634",634,6852,61,0.5456936,0.2594433,0,61.25,1,0,3.25713453698529
"635",635,6860,46,0.7440414,0.7682119,0,205.679,1,0,2.70805020110221
"636",636,6862,40,0.94227,0.4277778,0,85.333,4,4.97604384932664,5.05608655700017
"637",637,6874,41,0.9220779,0.7014135,0,56.087,4,3.98898404656427,4.48863636973214
"638",638,6878,46,0.883004,0.8374852,0,248.295,1,0,3.7117411232572
"639",639,6889,21,0.9744967,0.6523365,0,51.944,1,0,3.85014760171006
"640",640,6903,36,0.9891186,0.384252,0,119.355,4,3.25713453698529,3.93035396211287
"641",641,6904,54,0.8652257,1,0,238.919,3,5.01063529409626,0
"642",642,6906,45,0.8457539,0.8180404,0,250.001,3,4.61487296144948,0
"643",643,6907,40,0.677486,0.6395876,0,83.177,1,0,3.76003664843026
"644",644,6916,43,0.9025641,0.6296296,0,92.667,1,0,2.7710250002636
"645",645,6922,64,0.8640777,0.553719,0,62.5,4,4.17438726989564,5.2040066870768
"646",646,6932,50,0.9824695,0.641597,0,112.619,4,4.76217393479776,4.29045944114839
"647",647,6950,57,0.6552668,0.6358149,0,92.917,1,0,2.99573227355399
"648",648,6958,50,0.8673253,0.7920489,0,203.571,1,0,6.84901325895837
"649",649,6973,51,0.738933,0.276699,0,50.444,3,3.58282425277343,0
"650",650,6982,51,0.8661146,0.7671388,0,145.893,1,0,3.91202300542815
"651",651,6989,41,0.8426396,0.2677006,0,59.123,1,0,5.12396397940326
"652",652,6999,59,1,0.5349594,1,115.694,2,0,4.00733318523247
"653",653,7004,19,0.9696106,0.7360249,1,178.333,2,5.20948615284142,4.80770278339818
"654",654,7008,57,0.8479263,0.7854939,0,69.545,1,0,6.19847871649231
"655",655,7013,40,0.9470405,0.5478827,0,82.75,1,0,4.8671497610875
"656",656,7037,41,0.8345864,0.8753057,1,148.977,2,4.45405655631833,0
"657",657,7040,53,0.9848485,0.8899431,0,104.696,1,0,4.07753744390572
"658",658,7042,23,0.8066132,0.7471117,0,110.531,1,0,5.05624580534831
"659",659,7050,28,0.7569721,0.7413074,0,78.738,3,3.04333125235327,0
"660",660,7053,34,0.9516246,0.6060606,1,93.147,2,0,3.43398720448515
"661",661,7097,41,0.9466019,0.7576219,0,164.911,3,4.00733318523247,0
"662",662,7098,51,0.8503578,0.7849057,0,133.107,1,0,3.25713453698529
"663",663,7133,68,0.7943787,0.7649635,0,113.275,1,0,4.8198782584812
"664",664,7136,40,0.7478203,0.51357,1,52.473,2,0,5.26785815906333
"665",665,7141,43,0.9797078,0.6632184,0,144.231,4,3.68887945411394,3.68887945411394
"666",666,7173,53,0.6993464,0.5402299,0,126.525,4,4.55282370561588,4.07711362529374
"667",667,7199,34,0.5064711,0.6563821,0,79.798,1,0,3.55534806148941
"668",668,7207,32,0.8783069,0.8294117,0,80.938,3,3.98898404656427,0
"669",669,7211,51,0.9754673,0.4992163,0,100.396,1,0,3.55534806148941
"670",670,7216,47,0.8902655,0.2535684,0,53.648,1,0,3.91202300542815
"671",671,7220,39,0.9489051,0.7047387,0,137.379,3,4.47733681447821,0
"672",672,7225,30,0.8684791,0.9362699,0,206.912,1,0,4.17438726989564
"673",673,7262,40,0.7312253,0.4989474,0,118.654,1,0,3.5307625860168
"674",674,7284,45,0.6213469,0.5583483,0,95.431,1,0,4.74449725120919
"675",675,7306,39,0.5076401,0.517037,1,56.413,2,2.99573227355399,2.70805020110221
"676",676,7310,49,0.6852046,0.814876,0,110.536,1,0,3.58351893845611
"677",677,7314,40,0.4233441,0.4133739,0,31.632,1,0,4.47705268320765
"678",678,7316,63,0.758307,0.6481208,0,146.761,1,0,2.70805020110221
"679",679,7319,36,0.9305741,0.7724069,0,126.944,1,0,4.00642368084963
"680",680,7330,21,0.6916764,0.5760869,0,79.679,1,0,2.39561995896123
"681",681,7338,40,0.3937737,0.2520843,0,16.552,1,0,3.31054301339402
"682",682,7342,44,0.9554622,0.1740506,0,26.742,1,0,5.19849703126583
"683",683,7345,71,0.7774314,0.2092391,0,68.667,3,4.44265125649032,0
"684",684,7359,58,0.8964029,0.8116883,0,180,4,3.2188758248682,4.4140098015923
"685",685,7400,34,0.9377713,0.3130081,0,86.518,1,0,4.4188406077966
"686",686,7404,47,0.8358862,0.419898,0,89.485,1,0,4.77068462446567
"687",687,7408,40,0.9557878,0.4661017,0,99.679,1,0,4.55387689160054
"688",688,7413,41,0.953125,0.6099237,0,120.815,1,0,3.2188758248682
"689",689,7416,28,0.910459,0.7636544,0,97.93,1,0,3.58282425277343
"690",690,7417,55,1,0.5576037,0,126.538,1,0,2.30258509299405
"691",691,7418,21,0.9824471,0.7946975,0,87.344,3,2.70805020110221,0
"692",692,7422,39,0.7789186,0.9337979,0,69.107,1,0,5.623746711403
"693",693,7425,51,0.9529412,0.7095238,0,126.406,1,0,4.5847123440857
"694",694,7504,32,0.988526,0.1344743,0,59.125,3,2.7710250002636,0
"695",695,7531,48,0.7651775,0.6193548,0,39.063,1,0,4.38171408583558
"696",696,7533,36,0.261138,0.8995648,0,117.159,1,0,4.0943445622221
"697",697,7539,31,0.6489362,0.7909408,0,144.219,1,0,4.69111849812446
"698",698,7558,46,0.8619551,0.8448459,0,171.719,1,0,3.68887945411394
"699",699,7561,36,0.4741952,0.8843316,1,152.222,2,0,5.92853805927958
"700",700,7566,53,0.7829716,0.8606225,0,94.871,1,0,3.55534806148941
"701",701,7579,57,0.9361888,0.6367432,0,89.886,1,0,3.2188758248682
"702",702,7584,41,0.8737673,0.7088036,0,105.573,1,0,5.30305612089521
"703",703,7586,48,0.9834123,0.2246521,0,51.101,3,3.40119738166216,0
"704",704,7590,23,0.9869139,0.7872341,0,125.926,3,4.23410650459726,0
"705",705,7610,46,0.9684874,0.7449556,1,110.735,2,0,3.68887945411394
"706",706,7611,56,0.7640653,0.2075758,0,68.317,3,4.44265125649032,0
"707",707,7612,44,0.8425197,0.8785626,0,87.383,1,0,3.91202300542815
"708",708,7616,39,0.5788712,0.3872727,0,46.705,3,5.89715386763674,0
"709",709,7627,42,0.9859155,0.5541237,1,104.688,2,3.82809777049038,0
"710",710,7631,45,0.7110091,0.6348684,0,118.088,1,0,3.04333125235327
"711",711,7635,38,0.2824822,0.0459837,0,37.688,1,0,3.04333125235327
"712",712,7644,31,0.6864618,0.287594,0,41.438,1,0,3.55534806148941
"713",713,7665,41,0.9785624,0.209622,0,50.179,1,0,2.56340971127594
"714",714,7682,49,0.9549042,0.7140696,1,76.042,2,4.30406509320417,0
"715",715,7700,46,0.7748846,0.6654046,0,104.969,1,0,5.0302745093486
"716",716,7711,54,0.639866,0.0994924,0,13.9,1,0,4.54329478227
"717",717,7714,49,0.9826428,0.5657226,0,99.115,1,2.39561995896123,4.83707524297087
"718",718,7722,23,0,0.2439024,0,37.208,2,0,2.99573227355399
"719",719,7729,41,0.6201258,0.8428207,0,156.05,4,3.33131125419799,5.87204736446042
"720",720,7761,30,1,0.5649351,0,189.034,3,4.69134788222914,0
"721",721,7765,20,0.8922122,0.1855828,0,58.214,3,4.24706564923976,0
"722",722,7769,67,1,0.5422484,0,103.462,1,0,2.39561995896123
"723",723,7774,51,0.8513258,0.7782152,0,250.001,1,0,3.66356164612965
"724",724,7783,42,0.8337119,0.4455026,0,97.861,1,0,4.15888308335967
"725",725,7802,49,0.9141882,0.2082043,0,66.522,1,0,4.17438726989564
"726",726,7809,43,0.9529412,0.8588235,0,250.001,1,0,3.66356164612965
"727",727,7827,60,0.8237918,0.5503634,0,250.001,1,0,4.43081679884331
"728",728,7857,40,0.6956522,0.0079365,0,56.625,3,2.39561995896123,0
"729",729,7865,43,0.9562693,0.6275982,0,136.642,3,4.00687853644082,0
"730",730,7877,43,0.9740608,0.6295181,0,88.125,1,0,3.8275538488017
"731",731,7878,20,0.959799,0.1682893,1,38.818,2,0,4.99026250428832
"732",732,7884,21,0.9730435,0.7987261,1,147.115,2,4.87309588007419,4.26162298069491
"733",733,7885,31,0.7241727,0.7509727,0,86.106,1,0,4.7361984483945
"734",734,7912,48,0.9163059,0.8256369,0,97.813,1,0,3.52636052461616
"735",735,7930,45,0.7933131,0.8063806,0,173.015,1,0,4.36944785246702
"736",736,7934,42,0.5494781,0.2073733,0,42.005,1,0,2.7710250002636
"737",737,7935,44,0.951624,0.1927593,0,66.029,1,0,3.25713453698529
"738",738,7940,53,0.8765218,0.2867816,0,42.358,1,0,3.80666248977032
"739",739,7960,52,0.9682457,0.6759657,0,121.25,1,0,2.39561995896123
"740",740,7965,45,0.858209,0.6329114,0,106.111,1,0,4.77912349311153
"741",741,8008,23,0.6452703,0.3511147,0,75.489,1,0,4.17438726989564
"742",742,8010,45,0.9399329,0.4586312,0,113.636,1,0,4.9272536851572
"743",743,8034,43,0.7933754,0.3728155,0,72.396,1,0,2.70805020110221
"744",744,8058,51,0.851131,0.7727639,0,187.286,1,0,3.7178312760637
"745",745,8060,52,0.8718171,0.4969062,0,81.458,3,5.6936479601756,0
"746",746,8067,40,0.7917548,0.426557,0,33.088,1,0,3.17805383034795
"747",747,8073,41,0.9114799,0.7687688,0,102.734,1,0,4.48863636973214
"748",748,8085,51,0.8313458,0.7080592,0,100.882,1,0,5.40458996613083
"749",749,8104,45,0.9594007,0.6312769,0,132.917,1,0,3.8275538488017
"750",750,8105,57,0.6037906,0.3739021,0,53.631,3,5.60515847688381,0
"751",751,8125,26,0.9928132,0.4266959,0,104.625,1,0,2.56494935746154
"752",752,8142,21,0.9677981,0.7288378,0,160.804,1,0,4.39414046505739
"753",753,8169,48,0.9550654,0.1390805,0,52.054,1,0,2.56494935746154
"754",754,8183,59,0.6378282,0.6685864,0,157.692,1,0,3.91202300542815
"755",755,8205,51,0.8003207,0.5168777,0,121.458,1,0,3.2188758248682
"756",756,8214,54,0.6289308,0.6420361,0,62.891,1,0,2.70805020110221
"757",757,8227,51,0.9339723,0.5295975,0,97.341,4,3.58282425277343,3.08990544357124
"758",758,8253,47,0.9669065,0.7982456,0,196.979,1,0,4.88280192258637
"759",759,8264,49,0.9018265,0.509106,0,168.542,1,0,4.54329478227
"760",760,8279,49,0.9732758,0.7712082,0,117.344,4,5.52146091786225,4.30406509320417
"761",761,8280,41,0.6607843,0.3149606,0,91.723,1,0,2.99573227355399
"762",762,8281,21,0.8266757,0.7776442,0,234.226,1,0,4.19547112734787
"763",763,8283,23,1,0.4008715,0,78.996,4,4.33040433880286,4.53259949315326
"764",764,8293,41,0.7729211,0.3804645,0,39.548,3,5.89164421182577,0
"765",765,8294,43,0.9541631,0.7610063,1,141.316,2,3.58282425277343,0
"766",766,8295,45,0.8031991,0.7002012,0,169.531,1,0,4.69043002993891
"767",767,8321,58,0.8635452,0.5572233,0,116.389,1,0,6.339609463585
"768",768,8329,41,0.9123644,0.2932515,0,101.964,1,0,3.2188758248682
"769",769,8378,21,0.9587209,0.2983129,0,86.917,1,0,5.28320372873799
"770",770,8380,26,0.7181868,0.3861652,0,63.462,4,3.40119738166216,3.80666248977032
"771",771,8390,39,0.7290382,0.3852961,0,76.863,1,0,4.5533504372583
"772",772,8391,25,0.9655814,0.8645161,0,65.99,1,0,4.79579054559674
"773",773,8399,43,0.4243075,0.291543,1,72.833,2,0,4.53528405852393
"774",774,8422,42,0.9341657,0.8859504,0,106.855,3,7.46562668923221,0
"775",775,8433,54,0.8256334,0.3143619,0,80.063,1,0,3.04333125235327
"776",776,8455,40,0.8887508,0.4939219,0,54.349,1,0,2.7710250002636
"777",777,8469,63,0.7234568,0.7792453,0,101.05,1,0,3.04213864636815
"778",778,8487,19,0.4332206,0.6210014,1,234.741,2,0,2.70805020110221
"779",779,8490,19,0.664518,0.4649741,0,86.734,1,0,4.30338918915681
"780",780,8495,39,0.8977854,0.621881,0,42.444,4,5.29330482472449,4.85961858713071
"781",781,8504,51,0.8165218,0.7919463,0,21.688,1,0,4.53259949315326
"782",782,8507,20,0.320421,0.2252619,0,86.442,3,3.52503611856575,0
"783",783,8516,42,0.938342,0.6174318,0,104.961,4,4.96929233056187,5.95051233577655
"784",784,8518,65,0.9249292,0.5950276,0,94.494,3,4.43081679884331,0
"785",785,8531,56,0.916318,0.5707657,0,120.594,3,3.21787532453462,0
"786",786,8537,40,0.9914432,0.8017324,0,144.554,3,5.25749537202778,0
"787",787,8548,23,0.8714285,0.5249042,0,123.472,4,4.32941655264927,4.05958056978576
"788",788,8569,34,0.8724138,0.6404495,0,19.479,1,0,3.93182563272433
"789",789,8571,51,0.9592384,0.395358,0,102.857,1,0,2.7710250002636
"790",790,8572,40,0.8510401,0.4710539,0,104.272,3,4.59511985013459,0
"791",791,8586,53,0.9414381,0.8076037,1,133.438,2,2.70805020110221,0
"792",792,8604,24,0.8545259,0.8736998,0,114.604,1,0,3.40119738166216
"793",793,8608,58,0.8501629,0.7260616,0,155.53,3,3.80666248977032,0
"794",794,8611,40,0.5383966,0.2525597,0,11.591,3,4.63472898822964,0
"795",795,8632,34,0.8073684,0.5761024,0,66.827,4,5.5565963746305,3.25713453698529
"796",796,8633,39,0.7383016,0.1786942,0,59.047,3,4.21397773716665,0
"797",797,8641,34,0.7918004,0.684949,0,138.173,1,0,5.00394630594546
"798",798,8657,59,0.8003442,0.3902628,1,79.211,2,0,4.44265125649032
"799",799,8659,33,0.790487,0.3344316,0,23.6,1,0,3.55534806148941
"800",800,8669,38,0.66875,0.5854657,0,52.375,1,0,3.04213864636815
"801",801,8686,46,0.9391682,0.71949,1,243.077,2,0,3.27714473299218
"802",802,8692,41,0.849076,0.7564516,0,196.75,1,0,3.91152288038646
"803",803,8693,39,0.9359286,0.4370629,1,89.205,2,2.99573227355399,3.2188758248682
"804",804,8707,59,0.9036649,0.5377446,0,98.558,1,0,1.78758409781757
"805",805,8724,47,0.8415841,0.2003594,0,58.39,1,0,2.39561995896123
"806",806,8728,82,0.6765746,0.7996147,0,150.865,1,0,4.09392780872576
"807",807,8737,25,0.9941652,0.4977099,0,110.714,4,2.39561995896123,4.0943445622221
"808",808,8742,21,0.9370034,0.3723978,0,106.705,1,0,2.99573227355399
"809",809,8746,52,0.9630072,0.4186046,0,59.375,3,1.78758409781757,0
"810",810,8748,46,0.7391165,0.3701268,0,62.904,1,0,3.68887945411394
"811",811,8756,45,0.968305,0.6725441,0,113.75,1,0,3.68887945411394
"812",812,8761,20,0.9853747,0.8878049,0,193.25,3,4.37386844697242,0
"813",813,8768,52,0.9130435,0.3941606,1,107.115,2,3.04213864636815,0
"814",814,8769,51,0.742968,0.3281027,0,88.017,1,0,4.00733318523247
"815",815,8771,74,0.8270893,0.181713,0,63.828,1,0,2.7710250002636
"816",816,8782,41,0.7498192,0.5337942,1,31.387,2,0,4.0943445622221
"817",817,8783,63,0.7797784,0.327791,0,22.188,3,4.84418708645859,0
"818",818,8788,40,0.9440619,0.7667804,0,145.536,1,0,4.07711362529374
"819",819,8789,26,0.9093718,0.8631329,0,179.063,1,0,4.48863636973214
"820",820,8818,27,0.9061372,0.6710098,0,115.139,1,0,4.36944785246702
"821",821,8821,20,0.8828394,0.6334728,0,64.792,1,0,2.56494935746154
"822",822,8824,56,0.7509995,0.5717557,0,71.563,1,0,4.18927588238939
"823",823,8829,63,0.6354515,0.521197,0,60.033,4,6.97164515229318,7.34081934128108
"824",824,8850,40,0.4078947,0.4251969,0,39.5,3,3.93035396211287,0
"825",825,8861,35,0.8406736,0.7744154,0,57.102,1,0,3.40119738166216
"826",826,8870,49,0.9428858,0.4214418,0,69.36,3,4.31715472463507,0
"827",827,8874,41,0.7643527,0.9710611,1,184.375,2,6.20843910927666,5.1646431065756
"828",828,8900,39,0.924297,0.6920877,1,140.139,2,4.33073334028633,5.04342511691925
"829",829,8909,34,0.0967391,0.2685185,0,46.5,2,4.07753744390572,5.76511272980781
"830",830,8922,24,1,0.5308176,0,49.6,3,4.43081679884331,0
"831",831,8929,42,0.5513419,0.2713797,0,101.042,4,3.55534806148941,3.55534806148941
"832",832,8955,37,0.8245721,0.8532258,0,124.722,1,0,2.7710250002636
"833",833,8971,36,0.8318182,0.7087629,0,230.333,3,5.54907608489522,0
"834",834,8972,40,0.9593023,0.6397813,1,64.338,2,0,4.63472898822964
"835",835,8973,19,0.98753,0.4399171,0,89.821,3,4.88280192258637,0
"836",836,8977,40,0.8729282,0.4858156,0,70.096,4,4.90453376321371,5.9737459966143
"837",837,8981,24,0.8043202,0.5711044,0,60.25,3,3.2188758248682,0
"838",838,8985,26,0.355181,0.4133574,0,40.343,1,0,4.08597631255158
"839",839,9000,50,0.8748932,0.7126213,0,109.531,1,0,3.93084475966873
"840",840,9008,41,0.9254237,0.5581228,0,100.678,1,0,4.29045944114839
"841",841,9011,45,0.9002998,0.8166127,1,224.167,2,0,2.83321334405622
"842",842,9015,46,0.9726937,0.8160329,0,96.477,1,0,3.25713453698529
"843",843,9016,57,0.9121622,0.6659176,1,87.759,2,0,3.80666248977032
"844",844,9024,53,0.9735328,0.6262799,1,81.563,2,0,4.36944785246702
"845",845,9029,20,0.8011205,0.5766363,0,71.453,3,3.55534806148941,0
"846",846,9055,42,0.3368771,0.3909665,0,76.415,3,3.68887945411394,0
"847",847,9063,41,0.9222912,0.2468459,0,86.755,4,4.60517018598809,4.77912349311153
"848",848,9066,46,0.9609756,0.6514936,1,59.612,2,0,3.40119738166216
"849",849,9070,48,0.4455803,0.1116279,0,74.444,1,0,3.95124371858143
"850",850,9072,54,0.6950426,0.5471917,0,54.984,1,0,3.58282425277343
"851",851,9111,40,0.9122542,0.6456522,0,96.667,1,0,4.49953185396509
"852",852,9114,43,0.8378661,0.8592896,0,249.792,1,0,3.68887945411394
"853",853,9116,24,0.71949,0.2724936,0,76.5,1,0,2.99573227355399
"854",854,9121,51,0.9257376,0.1358543,0,44.188,1,0,3.98852097640087
"855",855,9130,34,0.7808418,0.5490922,0,70.549,1,0,2.70805020110221
"856",856,9167,37,0.9615257,0.311753,0,66.125,3,3.58143343196509,0
"857",857,9183,41,0.9448468,0.466795,0,148.646,1,0,5.21450088045493
"858",858,9197,49,0.5551245,0.5907474,1,77.218,2,2.70805020110221,0
"859",859,9201,40,0.7725146,0.7297297,1,79.264,2,4.0943445622221,0
"860",860,9218,26,0.9454545,0.3833017,0,47.5,1,0,2.61006979274201
"861",861,9220,55,0.9187908,0.6937431,0,157.917,3,2.99573227355399,0
"862",862,9225,40,0.8829353,0.2026801,0,83,1,0,3.2188758248682
"863",863,9271,23,0.514227,0.5501044,0,64.792,3,3.2188758248682,0
"864",864,9281,55,0.3239905,0.0630564,1,54.075,2,0,5.15876790159795
"865",865,9283,23,0.9255933,0.3374642,0,65.938,1,0,5.27287134521656
"866",866,9289,37,0.2225352,0.3593034,0,42.625,3,4.39352279981231,0
"867",867,9294,24,0.9276944,0.31961,0,99,1,0,3.68887945411394
"868",868,9297,57,1,0.4937888,1,79.2,2,3.25713453698529,4.15888308335967
"869",869,9303,40,0.9220415,0.6373333,0,127.5,1,0,4.36881474070165
"870",870,9318,71,0.982256,0.1484794,0,57.596,1,0,3.82809777049038
"871",871,9332,56,0.8977346,0.5680239,0,119.231,1,0,4.67259516230288
"872",872,9333,23,0.6279307,0.3226191,1,14.883,2,0,2.70805020110221
"873",873,9334,40,0.0171617,0.5874649,0,150.912,3,5.34209498889392,0
"874",874,9365,39,0.6720554,0.3836406,0,49.318,1,0,2.7710250002636
"875",875,9368,40,0.7616771,0.5730187,0,55.117,1,0,3.91152288038646
"876",876,9382,21,0.6921151,0.7308378,1,135.234,2,0,4.99043258677874
"877",877,9383,43,0.526253,0.3139098,0,66.339,1,0,4.85203026391962
"878",878,9414,40,0.43898,0.3238167,0,56.293,1,0,3.2188758248682
"879",879,9415,83,0.9952996,0.2535842,0,69.028,3,5.6970934865054,0
"880",880,9434,27,0.9298962,0.6805742,1,104.113,2,4.61512051684126,0
"881",881,9452,44,0.7964796,0.7321429,0,150.192,4,3.56953269648137,4.17438726989564
"882",882,9460,41,0.940551,0.7544776,0,164.583,4,3.85862222870103,2.7710250002636
"883",883,9486,28,0.0979924,0.1209603,0,41.786,3,3.04213864636815,0
"884",884,9496,66,0.7083333,0.5452675,0,80.391,3,3.40119738166216,0
"885",885,9503,71,1,0.5711974,1,97.344,2,3.82809777049038,0
"886",886,9520,39,0.731302,0.6679058,1,87.774,2,0,3.91202300542815
"887",887,9532,57,0.9703557,0.2473545,0,53.594,3,3.25713453698529,0
"888",888,9542,40,0.9354839,0.5439673,0,83.125,4,3.58282425277343,6.17660504362198
"889",889,9569,24,0.9507603,0.6916335,0,57.737,3,3.25713453698529,0
"890",890,9570,40,0.6640625,0.2124682,0,37,3,3.58282425277343,0
"891",891,9574,40,0.9577338,0.6657929,0,130.101,3,2.99573227355399,0
"892",892,9593,25,0.9167361,0.5518072,0,125.156,1,0,3.36729582998647
"893",893,9594,44,0.842867,0.5984784,0,84.702,3,3.71235181029908,0
"894",894,9609,38,0.9484396,0.5674419,0,94.327,3,4.92689130066329,0
"895",895,9610,23,0.6469194,0.4877049,0,34.966,4,4.15888308335967,4.43022138352355
"896",896,9624,55,1,0.3383085,0,76.406,3,3.40119738166216,0
"897",897,9633,42,0.7926391,0.2762692,0,82.039,3,4.11005385592728,0
"898",898,9671,35,0.2560554,0.3510583,1,99.615,2,0,3.04213864636815
"899",899,9679,41,0.6331789,0.0878073,0,47.708,3,3.25713453698529,0
"900",900,9686,40,0.8746898,0.2370173,0,81.354,4,5.00394630594546,5.89440283426485
"901",901,9695,36,0.8088779,0.6810126,0,121.75,1,0,4.69134788222914
"902",902,9712,41,0.9478765,0.6476274,0,122.125,1,0,5.11769436638966
"903",903,9719,19,0.9817851,0.1362069,1,50.855,2,4.11005385592728,0
"904",904,9727,41,0.7983239,0.6670572,0,129.045,3,4.69134788222914,0
"905",905,9732,42,0.6533524,0.3405173,0,62.188,1,0,5.05624580534831
"906",906,9735,42,0.009622,0.0252845,0,30.682,2,3.09104245335832,0
"907",907,9741,20,0.9626225,0.3669421,0,67.596,3,3.66356164612965,0
"908",908,9742,26,0.8929889,0.4089834,0,51.944,1,0,2.7710250002636
"909",909,9745,40,0.2955123,0.1193548,0,26.615,3,3.55534806148941,0
"910",910,9751,41,0.2272203,0.5016077,0,64.306,3,3.91202300542815,0
"911",911,9766,43,0.98537,0.4612403,0,124.55,3,2.56494935746154,0
"912",912,9774,20,0.9833333,0.3266753,0,47.212,3,2.7710250002636,0
"913",913,9790,19,0.9108014,0.6578171,0,162.86,1,0,1.78758409781757
"914",914,9791,42,0.9773484,0.3934502,0,80.958,3,4.17438726989564,0
"915",915,9793,40,0.550966,0.5513918,0,45.729,4,3.8061067798366,4.59486729299219
"916",916,9804,40,0.7995627,0.5072202,0,57.159,1,0,1.78758409781757
"917",917,9812,40,0.6778806,0.2703322,0,65.446,3,4.39321382406445,0
"918",918,9855,43,0.9838256,0.4307944,0,36.797,1,0,2.70805020110221
"919",919,9859,54,1,0.2872117,0,52.604,3,3.40036370091358,0
"920",920,9875,22,0.7770864,0.4521173,0,44.565,1,0,3.73766961828337
"921",921,9884,57,0.8540434,0.1189873,0,34.688,4,5.47844902726896,5.33259801302487
"922",922,9895,44,0.8619551,0.8448459,0,171.719,1,0,3.55534806148941
"923",923,9911,38,0.8717414,0.5506574,1,116.386,2,0,2.13712065326651
"924",924,9914,32,0.557879,0.1363128,0,72.5,4,4.8200799323752,4.17438726989564
"925",925,9916,39,0.6261615,0.5186275,0,15.954,1,0,3.84961554529953
"926",926,9922,36,0.777938,0.9615384,0,4.5,3,3.04333125235327,0
"927",927,9961,40,0.0816652,0.6118062,0,98.75,1,0,5.1178441006117
"928",928,9971,41,0.8360776,0.6269649,0,94.038,3,2.99573227355399,0
"929",929,9972,37,0.7562001,0.8408408,0,15.859,3,4.23410650459726,0
"930",930,9996,42,0.9328716,0.6053748,0,111.641,1,0,4.32908724937966
"931",931,10002,61,0.9531443,0.8673324,0,177.569,1,0,4.49953185396509
"932",932,10005,43,0.6588381,0.329932,0,61.786,3,3.25713453698529,0
"933",933,10009,47,0.797859,0.8572938,0,86.103,3,5.02388052084628,0
"934",934,10012,31,0.917577,0.4404332,0,67.045,3,4.56278446949165,0
"935",935,10023,40,0.9204276,0.6127451,0,144.241,3,2.7710250002636,0
"936",936,10025,41,0.9281329,0.2623762,0,45.909,3,6.61437030921335,0
"937",937,10039,43,0.962045,0.430512,0,78.472,3,4.17438726989564,0
"938",938,10056,48,0.6565657,0.4327087,0,46.875,3,2.7710250002636,0
"939",939,10057,21,0.8981481,0.5592048,0,83.333,3,3.25713453698529,0
"940",940,10078,61,0.9431239,0.7257485,0,117.982,3,2.7710250002636,0
"941",941,10086,40,0.661191,0.7891026,0,106.635,3,4.78728338774431,0
"942",942,10099,26,0.7544248,0.6473345,0,54.151,3,4.17438726989564,0
"943",943,10106,43,0.8589602,0.277726,0,74.191,3,4.17438726989564,0
"944",944,10108,40,0.6987952,0.6626506,0,70.64,3,4.26197540360605,0
"945",945,10122,26,0.3282804,0.4430631,0,20.389,3,3.04333125235327,0
"946",946,10147,40,0.6908998,0.1174699,1,49.493,2,0,2.70805020110221
"947",947,10183,41,0.7360595,0.3506429,0,82.182,1,0,4.56356663613302
"948",948,10186,40,0.8832574,0.6823679,0,55.466,1,0,3.91202300542815
"949",949,10193,40,0.6874003,0.5460251,0,38.438,1,0,4.89746659599062
"950",950,10197,41,0.0209235,0.2016211,0,58.419,3,4.12713438504509,0
"951",951,10224,43,0.3600926,0.3445219,1,97.258,2,3.40119738166216,0
"952",952,10228,56,0.8693738,0.3241279,1,103.843,2,0,3.80666248977032
"953",953,10231,22,0.7238395,0.5759818,0,99.295,1,0,2.99573227355399
"954",954,10237,41,0.8378088,0.5867957,1,101.202,2,2.7710250002636,0
"955",955,10241,33,0.488189,0.3174744,0,27.673,4,4.36659568764334,6.16727537167469
"956",956,10243,32,0.7520891,0.2646341,1,66.025,2,2.7710250002636,0
"957",957,10248,41,0.9300477,0.5280963,0,54.412,3,4.48863636973214,0
"958",958,10255,51,0.7247154,0.690411,1,118.393,2,3.55534806148941,0
"959",959,10258,33,0.7638111,0.5461347,0,122.639,3,4.44265125649032,0
"960",960,10275,44,0.7273296,0.5449855,0,86.366,1,0,2.39561995896123
"961",961,10277,62,0.6650619,0.5088339,0,50.242,1,0,3.68825425872002
"962",962,10278,46,0.9305379,0.4603069,0,109,1,0,2.70805020110221
"963",963,10279,40,0.7917548,0.426557,1,33.088,2,3.4323729991306,0
"964",964,10281,45,0.9109538,0.6399354,0,144.833,3,3.80666248977032,0
"965",965,10284,42,0.8850659,0.6887755,0,48.237,1,0,4.36944785246702
"966",966,10302,49,0.6291619,0.8726752,1,250.001,2,0,4.21146070889078
"967",967,10304,48,0.7041667,0.3736177,0,98.734,3,3.04333125235327,0
"968",968,10311,43,0.5276518,0.5150115,0,162.857,4,4.60517018598809,3.68887945411394
"969",969,10312,26,0.9144812,0.8393095,0,50.769,1,0,4.17438726989564
"970",970,10318,30,0.0528942,0.3158621,0,51.589,2,0,1.78758409781757
"971",971,10326,40,0.53297,0.6494083,0,154.583,1,0,4.43081679884331
"972",972,10328,36,0.7086856,0.4279476,0,13.051,4,2.99573227355399,5.26269018890489
"973",973,10337,54,0.8207604,0.2889699,1,73.789,2,5.47646355193151,0
"974",974,10340,40,0.6819142,0.620227,0,129.167,3,5.66599406859454,0
"975",975,10344,48,0.8281807,0.7093352,0,48.672,1,0,6.39187523646887
"976",976,10361,39,0.010989,0.2667375,0,93.142,3,4.85981240436167,0
"977",977,10363,42,0.9682977,0.6433566,0,95.33,1,0,4.07753744390572
"978",978,10385,38,0.4359091,0.1020553,1,31.148,2,3.80666248977032,0
"979",979,10390,45,0.4701987,0.6601374,0,152.075,4,4.30406509320417,3.54688376879155
"980",980,10391,35,0.7330163,0.1433927,1,94.286,2,3.04333125235327,0
"981",981,10393,36,0.9644406,0.532294,0,83.438,3,4.61462534475885,0
"982",982,10394,42,0.4461538,0.4421416,0,73.854,4,4.38202663467388,3.04213864636815
"983",983,10409,19,0.9211357,0.7619554,0,144.688,3,3.7117411232572,0
"984",984,10412,23,0.9101424,0.3966245,0,95.92,1,0,3.98898404656427
"985",985,10428,32,0.9294385,0.4378321,0,103.269,3,4.31715472463507,0
"986",986,10442,43,0.9892857,0.9277108,0,250.001,4,3.55534806148941,4.36944785246702
"987",987,10449,43,0.9776078,0.775291,0,164.698,1,0,3.55534806148941
"988",988,10452,48,0.6780545,0.1217075,0,34.631,3,3.43398720448515,0
"989",989,10463,40,0.6152056,0.6600832,0,176.136,1,0,4.49953185396509
"990",990,10487,41,0.3217666,0.902439,0,192.206,1,0,4.09351088147352
"991",991,10491,40,0.7574932,0.7799401,1,107.474,2,4.07753744390572,0
"992",992,10504,46,0.9306452,0.7556886,0,116.181,1,0,3.33131125419799
"993",993,10521,47,1,0.3326316,1,82.411,2,3.68887945411394,0
"994",994,10532,24,0.9464175,0.6859422,0,141.552,3,2.99573227355399,0
"995",995,10537,40,0.9163059,0.8256369,0,97.813,3,4.26232770235903,0
"996",996,10542,40,0.8009229,0.6830357,0,85.346,3,3.55534806148941,0
"997",997,10556,42,0.9556213,0.1829897,1,74.808,2,0,3.40119738166216
"998",998,10579,21,0.7169005,0.5275275,0,80.23,1,0,3.8061067798366
"999",999,10588,59,0.4449133,0.3867325,0,98.261,1,0,4.17400258052755
"1000",1000,10589,41,0.9919391,0.3548387,0,87.5,1,0,4.63472898822964
